Orthogroup	ahos	apis	Total
OG0000000	0	201	201
OG0000001	0	183	183
OG0000002	0	183	183
OG0000003	0	137	137
OG0000004	0	109	109
OG0000005	0	100	100
OG0000006	0	99	99
OG0000007	0	98	98
OG0000008	0	97	97
OG0000009	0	97	97
OG0000010	0	96	96
OG0000011	0	93	93
OG0000012	0	92	92
OG0000013	0	91	91
OG0000014	0	88	88
OG0000015	0	84	84
OG0000016	0	80	80
OG0000017	0	79	79
OG0000018	0	76	76
OG0000019	0	74	74
OG0000020	0	70	70
OG0000021	0	66	66
OG0000022	0	66	66
OG0000023	0	65	65
OG0000024	0	63	63
OG0000025	0	60	60
OG0000026	0	58	58
OG0000027	0	58	58
OG0000028	0	55	55
OG0000029	0	55	55
OG0000030	0	55	55
OG0000031	0	52	52
OG0000032	0	52	52
OG0000033	0	51	51
OG0000034	0	50	50
OG0000035	0	50	50
OG0000036	0	50	50
OG0000037	0	48	48
OG0000038	0	48	48
OG0000039	0	48	48
OG0000040	0	47	47
OG0000041	0	47	47
OG0000042	0	47	47
OG0000043	0	45	45
OG0000044	0	44	44
OG0000045	0	44	44
OG0000046	0	44	44
OG0000047	0	43	43
OG0000048	0	43	43
OG0000049	0	43	43
OG0000050	0	42	42
OG0000051	0	42	42
OG0000052	0	42	42
OG0000053	0	42	42
OG0000054	0	41	41
OG0000055	0	41	41
OG0000056	0	41	41
OG0000057	0	41	41
OG0000058	0	40	40
OG0000059	0	40	40
OG0000060	0	39	39
OG0000061	0	39	39
OG0000062	0	37	37
OG0000063	0	37	37
OG0000064	0	37	37
OG0000065	0	36	36
OG0000066	0	36	36
OG0000067	0	36	36
OG0000068	0	36	36
OG0000069	0	36	36
OG0000070	0	36	36
OG0000071	0	35	35
OG0000072	0	35	35
OG0000073	0	35	35
OG0000074	0	35	35
OG0000075	0	35	35
OG0000076	0	34	34
OG0000077	0	34	34
OG0000078	0	34	34
OG0000079	0	34	34
OG0000080	0	34	34
OG0000081	0	33	33
OG0000082	0	33	33
OG0000083	0	33	33
OG0000084	0	33	33
OG0000085	0	33	33
OG0000086	2	30	32
OG0000087	0	32	32
OG0000088	0	32	32
OG0000089	0	31	31
OG0000090	0	31	31
OG0000091	0	30	30
OG0000092	0	30	30
OG0000093	0	30	30
OG0000094	0	30	30
OG0000095	0	30	30
OG0000096	0	30	30
OG0000097	0	30	30
OG0000098	0	30	30
OG0000099	0	30	30
OG0000100	0	30	30
OG0000101	0	29	29
OG0000102	0	28	28
OG0000103	0	28	28
OG0000104	0	28	28
OG0000105	0	28	28
OG0000106	0	28	28
OG0000107	0	27	27
OG0000108	0	27	27
OG0000109	0	27	27
OG0000110	0	27	27
OG0000111	0	27	27
OG0000112	0	27	27
OG0000113	0	26	26
OG0000114	0	26	26
OG0000115	0	26	26
OG0000116	0	26	26
OG0000117	0	25	25
OG0000118	0	25	25
OG0000119	0	25	25
OG0000120	24	0	24
OG0000121	0	24	24
OG0000122	0	24	24
OG0000123	0	24	24
OG0000124	0	24	24
OG0000125	0	24	24
OG0000126	0	23	23
OG0000127	0	23	23
OG0000128	0	23	23
OG0000129	0	23	23
OG0000130	0	23	23
OG0000131	0	23	23
OG0000132	0	23	23
OG0000133	0	23	23
OG0000134	0	23	23
OG0000135	0	23	23
OG0000136	0	23	23
OG0000137	0	23	23
OG0000138	0	23	23
OG0000139	0	23	23
OG0000140	0	22	22
OG0000141	0	22	22
OG0000142	0	22	22
OG0000143	0	22	22
OG0000144	0	22	22
OG0000145	0	22	22
OG0000146	0	22	22
OG0000147	0	22	22
OG0000148	0	22	22
OG0000149	0	22	22
OG0000150	0	22	22
OG0000151	0	22	22
OG0000152	0	21	21
OG0000153	0	21	21
OG0000154	0	21	21
OG0000155	0	21	21
OG0000156	0	21	21
OG0000157	0	21	21
OG0000158	0	21	21
OG0000159	0	21	21
OG0000160	0	20	20
OG0000161	0	20	20
OG0000162	0	20	20
OG0000163	0	20	20
OG0000164	0	20	20
OG0000165	0	20	20
OG0000166	0	20	20
OG0000167	0	20	20
OG0000168	0	20	20
OG0000169	0	20	20
OG0000170	0	20	20
OG0000171	0	19	19
OG0000172	0	19	19
OG0000173	0	19	19
OG0000174	0	19	19
OG0000175	0	19	19
OG0000176	0	19	19
OG0000177	0	19	19
OG0000178	0	19	19
OG0000179	0	19	19
OG0000180	0	19	19
OG0000181	0	18	18
OG0000182	0	18	18
OG0000183	0	18	18
OG0000184	0	18	18
OG0000185	0	18	18
OG0000186	0	18	18
OG0000187	0	18	18
OG0000188	0	17	17
OG0000189	0	17	17
OG0000190	0	17	17
OG0000191	0	17	17
OG0000192	0	17	17
OG0000193	0	17	17
OG0000194	0	17	17
OG0000195	0	17	17
OG0000196	0	17	17
OG0000197	0	17	17
OG0000198	0	17	17
OG0000199	16	0	16
OG0000200	0	16	16
OG0000201	0	16	16
OG0000202	0	16	16
OG0000203	0	16	16
OG0000204	0	16	16
OG0000205	0	16	16
OG0000206	0	16	16
OG0000207	0	16	16
OG0000208	0	16	16
OG0000209	15	0	15
OG0000210	15	0	15
OG0000211	0	15	15
OG0000212	0	15	15
OG0000213	0	15	15
OG0000214	0	15	15
OG0000215	0	15	15
OG0000216	0	15	15
OG0000217	0	15	15
OG0000218	0	15	15
OG0000219	0	15	15
OG0000220	0	15	15
OG0000221	0	15	15
OG0000222	0	15	15
OG0000223	0	15	15
OG0000224	0	15	15
OG0000225	0	15	15
OG0000226	0	15	15
OG0000227	0	15	15
OG0000228	0	15	15
OG0000229	0	15	15
OG0000230	1	13	14
OG0000231	0	14	14
OG0000232	0	14	14
OG0000233	0	14	14
OG0000234	0	14	14
OG0000235	0	14	14
OG0000236	0	14	14
OG0000237	0	14	14
OG0000238	0	14	14
OG0000239	0	14	14
OG0000240	0	14	14
OG0000241	0	14	14
OG0000242	0	14	14
OG0000243	0	14	14
OG0000244	0	14	14
OG0000245	0	14	14
OG0000246	0	14	14
OG0000247	0	14	14
OG0000248	0	14	14
OG0000249	0	14	14
OG0000250	13	0	13
OG0000251	0	13	13
OG0000252	0	13	13
OG0000253	0	13	13
OG0000254	0	13	13
OG0000255	0	13	13
OG0000256	0	13	13
OG0000257	0	13	13
OG0000258	0	13	13
OG0000259	0	13	13
OG0000260	0	13	13
OG0000261	0	13	13
OG0000262	0	13	13
OG0000263	0	13	13
OG0000264	0	13	13
OG0000265	0	13	13
OG0000266	0	13	13
OG0000267	0	13	13
OG0000268	0	13	13
OG0000269	0	13	13
OG0000270	0	13	13
OG0000271	0	13	13
OG0000272	0	13	13
OG0000273	0	13	13
OG0000274	0	13	13
OG0000275	0	13	13
OG0000276	0	13	13
OG0000277	0	13	13
OG0000278	0	13	13
OG0000279	1	11	12
OG0000280	0	12	12
OG0000281	0	12	12
OG0000282	0	12	12
OG0000283	0	12	12
OG0000284	0	12	12
OG0000285	0	12	12
OG0000286	0	12	12
OG0000287	0	12	12
OG0000288	0	12	12
OG0000289	0	12	12
OG0000290	0	12	12
OG0000291	0	12	12
OG0000292	0	12	12
OG0000293	0	12	12
OG0000294	0	12	12
OG0000295	0	12	12
OG0000296	0	12	12
OG0000297	0	12	12
OG0000298	0	12	12
OG0000299	0	12	12
OG0000300	0	12	12
OG0000301	0	12	12
OG0000302	0	12	12
OG0000303	0	12	12
OG0000304	11	0	11
OG0000305	10	1	11
OG0000306	1	10	11
OG0000307	1	10	11
OG0000308	0	11	11
OG0000309	0	11	11
OG0000310	0	11	11
OG0000311	0	11	11
OG0000312	0	11	11
OG0000313	0	11	11
OG0000314	0	11	11
OG0000315	0	11	11
OG0000316	0	11	11
OG0000317	0	11	11
OG0000318	0	11	11
OG0000319	0	11	11
OG0000320	0	11	11
OG0000321	0	11	11
OG0000322	0	11	11
OG0000323	0	11	11
OG0000324	0	11	11
OG0000325	0	11	11
OG0000326	0	11	11
OG0000327	0	11	11
OG0000328	0	11	11
OG0000329	0	11	11
OG0000330	0	11	11
OG0000331	0	11	11
OG0000332	0	11	11
OG0000333	0	11	11
OG0000334	0	11	11
OG0000335	0	11	11
OG0000336	10	0	10
OG0000337	10	0	10
OG0000338	10	0	10
OG0000339	1	9	10
OG0000340	0	10	10
OG0000341	0	10	10
OG0000342	0	10	10
OG0000343	0	10	10
OG0000344	0	10	10
OG0000345	0	10	10
OG0000346	0	10	10
OG0000347	0	10	10
OG0000348	0	10	10
OG0000349	0	10	10
OG0000350	0	10	10
OG0000351	0	10	10
OG0000352	0	10	10
OG0000353	0	10	10
OG0000354	0	10	10
OG0000355	0	10	10
OG0000356	0	10	10
OG0000357	0	10	10
OG0000358	0	10	10
OG0000359	0	10	10
OG0000360	0	10	10
OG0000361	0	10	10
OG0000362	0	10	10
OG0000363	0	10	10
OG0000364	0	10	10
OG0000365	0	10	10
OG0000366	0	10	10
OG0000367	0	10	10
OG0000368	0	10	10
OG0000369	0	10	10
OG0000370	0	10	10
OG0000371	0	10	10
OG0000372	0	10	10
OG0000373	0	10	10
OG0000374	0	10	10
OG0000375	0	10	10
OG0000376	0	10	10
OG0000377	0	10	10
OG0000378	0	10	10
OG0000379	0	10	10
OG0000380	0	10	10
OG0000381	0	10	10
OG0000382	0	10	10
OG0000383	0	10	10
OG0000384	0	10	10
OG0000385	0	10	10
OG0000386	0	10	10
OG0000387	0	10	10
OG0000388	0	10	10
OG0000389	9	0	9
OG0000390	7	2	9
OG0000391	1	8	9
OG0000392	0	9	9
OG0000393	0	9	9
OG0000394	0	9	9
OG0000395	0	9	9
OG0000396	0	9	9
OG0000397	0	9	9
OG0000398	0	9	9
OG0000399	0	9	9
OG0000400	0	9	9
OG0000401	0	9	9
OG0000402	0	9	9
OG0000403	0	9	9
OG0000404	0	9	9
OG0000405	0	9	9
OG0000406	0	9	9
OG0000407	0	9	9
OG0000408	0	9	9
OG0000409	0	9	9
OG0000410	0	9	9
OG0000411	0	9	9
OG0000412	0	9	9
OG0000413	0	9	9
OG0000414	0	9	9
OG0000415	0	9	9
OG0000416	0	9	9
OG0000417	0	9	9
OG0000418	0	9	9
OG0000419	0	9	9
OG0000420	0	9	9
OG0000421	0	9	9
OG0000422	0	9	9
OG0000423	0	9	9
OG0000424	0	9	9
OG0000425	0	9	9
OG0000426	0	9	9
OG0000427	0	9	9
OG0000428	0	9	9
OG0000429	0	9	9
OG0000430	0	9	9
OG0000431	0	9	9
OG0000432	0	9	9
OG0000433	0	9	9
OG0000434	0	9	9
OG0000435	0	9	9
OG0000436	0	9	9
OG0000437	0	9	9
OG0000438	0	9	9
OG0000439	0	9	9
OG0000440	0	9	9
OG0000441	1	7	8
OG0000442	0	8	8
OG0000443	0	8	8
OG0000444	0	8	8
OG0000445	0	8	8
OG0000446	0	8	8
OG0000447	0	8	8
OG0000448	0	8	8
OG0000449	0	8	8
OG0000450	0	8	8
OG0000451	0	8	8
OG0000452	0	8	8
OG0000453	0	8	8
OG0000454	0	8	8
OG0000455	0	8	8
OG0000456	0	8	8
OG0000457	0	8	8
OG0000458	0	8	8
OG0000459	0	8	8
OG0000460	0	8	8
OG0000461	0	8	8
OG0000462	0	8	8
OG0000463	0	8	8
OG0000464	0	8	8
OG0000465	0	8	8
OG0000466	0	8	8
OG0000467	0	8	8
OG0000468	0	8	8
OG0000469	0	8	8
OG0000470	0	8	8
OG0000471	0	8	8
OG0000472	0	8	8
OG0000473	0	8	8
OG0000474	0	8	8
OG0000475	0	8	8
OG0000476	0	8	8
OG0000477	0	8	8
OG0000478	0	8	8
OG0000479	0	8	8
OG0000480	0	8	8
OG0000481	0	8	8
OG0000482	0	8	8
OG0000483	0	8	8
OG0000484	0	8	8
OG0000485	0	8	8
OG0000486	0	8	8
OG0000487	0	8	8
OG0000488	0	8	8
OG0000489	0	8	8
OG0000490	0	8	8
OG0000491	0	8	8
OG0000492	0	8	8
OG0000493	0	8	8
OG0000494	0	8	8
OG0000495	0	8	8
OG0000496	0	8	8
OG0000497	0	8	8
OG0000498	0	8	8
OG0000499	0	8	8
OG0000500	0	8	8
OG0000501	0	8	8
OG0000502	0	8	8
OG0000503	0	8	8
OG0000504	0	8	8
OG0000505	0	8	8
OG0000506	0	8	8
OG0000507	0	8	8
OG0000508	0	8	8
OG0000509	0	8	8
OG0000510	0	8	8
OG0000511	0	8	8
OG0000512	0	8	8
OG0000513	0	8	8
OG0000514	0	8	8
OG0000515	0	8	8
OG0000516	0	8	8
OG0000517	0	8	8
OG0000518	0	8	8
OG0000519	0	8	8
OG0000520	0	8	8
OG0000521	0	8	8
OG0000522	0	8	8
OG0000523	0	8	8
OG0000524	0	8	8
OG0000525	0	8	8
OG0000526	0	8	8
OG0000527	0	8	8
OG0000528	0	8	8
OG0000529	7	0	7
OG0000530	7	0	7
OG0000531	7	0	7
OG0000532	7	0	7
OG0000533	7	0	7
OG0000534	7	0	7
OG0000535	5	2	7
OG0000536	4	3	7
OG0000537	6	1	7
OG0000538	1	6	7
OG0000539	1	6	7
OG0000540	0	7	7
OG0000541	0	7	7
OG0000542	0	7	7
OG0000543	0	7	7
OG0000544	0	7	7
OG0000545	0	7	7
OG0000546	0	7	7
OG0000547	0	7	7
OG0000548	0	7	7
OG0000549	0	7	7
OG0000550	0	7	7
OG0000551	0	7	7
OG0000552	0	7	7
OG0000553	0	7	7
OG0000554	0	7	7
OG0000555	0	7	7
OG0000556	0	7	7
OG0000557	0	7	7
OG0000558	0	7	7
OG0000559	0	7	7
OG0000560	0	7	7
OG0000561	0	7	7
OG0000562	0	7	7
OG0000563	0	7	7
OG0000564	0	7	7
OG0000565	0	7	7
OG0000566	0	7	7
OG0000567	0	7	7
OG0000568	0	7	7
OG0000569	0	7	7
OG0000570	0	7	7
OG0000571	0	7	7
OG0000572	0	7	7
OG0000573	0	7	7
OG0000574	0	7	7
OG0000575	0	7	7
OG0000576	0	7	7
OG0000577	0	7	7
OG0000578	0	7	7
OG0000579	0	7	7
OG0000580	0	7	7
OG0000581	0	7	7
OG0000582	0	7	7
OG0000583	0	7	7
OG0000584	0	7	7
OG0000585	0	7	7
OG0000586	0	7	7
OG0000587	0	7	7
OG0000588	0	7	7
OG0000589	0	7	7
OG0000590	0	7	7
OG0000591	0	7	7
OG0000592	0	7	7
OG0000593	0	7	7
OG0000594	0	7	7
OG0000595	0	7	7
OG0000596	0	7	7
OG0000597	0	7	7
OG0000598	0	7	7
OG0000599	0	7	7
OG0000600	0	7	7
OG0000601	0	7	7
OG0000602	0	7	7
OG0000603	0	7	7
OG0000604	0	7	7
OG0000605	0	7	7
OG0000606	0	7	7
OG0000607	0	7	7
OG0000608	0	7	7
OG0000609	0	7	7
OG0000610	0	7	7
OG0000611	0	7	7
OG0000612	0	7	7
OG0000613	0	7	7
OG0000614	0	7	7
OG0000615	0	7	7
OG0000616	0	7	7
OG0000617	0	7	7
OG0000618	0	7	7
OG0000619	0	7	7
OG0000620	0	7	7
OG0000621	0	7	7
OG0000622	0	7	7
OG0000623	0	7	7
OG0000624	0	7	7
OG0000625	0	7	7
OG0000626	0	7	7
OG0000627	0	7	7
OG0000628	0	7	7
OG0000629	0	7	7
OG0000630	0	7	7
OG0000631	0	7	7
OG0000632	3	3	6
OG0000633	6	0	6
OG0000634	6	0	6
OG0000635	2	4	6
OG0000636	4	2	6
OG0000637	4	2	6
OG0000638	5	1	6
OG0000639	6	0	6
OG0000640	6	0	6
OG0000641	1	5	6
OG0000642	2	4	6
OG0000643	1	5	6
OG0000644	2	4	6
OG0000645	1	5	6
OG0000646	1	5	6
OG0000647	3	3	6
OG0000648	1	5	6
OG0000649	0	6	6
OG0000650	0	6	6
OG0000651	0	6	6
OG0000652	0	6	6
OG0000653	0	6	6
OG0000654	0	6	6
OG0000655	0	6	6
OG0000656	0	6	6
OG0000657	0	6	6
OG0000658	0	6	6
OG0000659	0	6	6
OG0000660	0	6	6
OG0000661	0	6	6
OG0000662	0	6	6
OG0000663	0	6	6
OG0000664	0	6	6
OG0000665	0	6	6
OG0000666	0	6	6
OG0000667	0	6	6
OG0000668	0	6	6
OG0000669	0	6	6
OG0000670	0	6	6
OG0000671	0	6	6
OG0000672	0	6	6
OG0000673	0	6	6
OG0000674	0	6	6
OG0000675	0	6	6
OG0000676	0	6	6
OG0000677	0	6	6
OG0000678	0	6	6
OG0000679	0	6	6
OG0000680	0	6	6
OG0000681	0	6	6
OG0000682	0	6	6
OG0000683	0	6	6
OG0000684	0	6	6
OG0000685	0	6	6
OG0000686	0	6	6
OG0000687	0	6	6
OG0000688	0	6	6
OG0000689	0	6	6
OG0000690	0	6	6
OG0000691	0	6	6
OG0000692	0	6	6
OG0000693	0	6	6
OG0000694	0	6	6
OG0000695	0	6	6
OG0000696	0	6	6
OG0000697	0	6	6
OG0000698	0	6	6
OG0000699	0	6	6
OG0000700	0	6	6
OG0000701	0	6	6
OG0000702	0	6	6
OG0000703	0	6	6
OG0000704	0	6	6
OG0000705	0	6	6
OG0000706	0	6	6
OG0000707	0	6	6
OG0000708	0	6	6
OG0000709	0	6	6
OG0000710	0	6	6
OG0000711	0	6	6
OG0000712	0	6	6
OG0000713	0	6	6
OG0000714	0	6	6
OG0000715	0	6	6
OG0000716	0	6	6
OG0000717	0	6	6
OG0000718	0	6	6
OG0000719	0	6	6
OG0000720	0	6	6
OG0000721	0	6	6
OG0000722	0	6	6
OG0000723	0	6	6
OG0000724	0	6	6
OG0000725	0	6	6
OG0000726	0	6	6
OG0000727	0	6	6
OG0000728	0	6	6
OG0000729	0	6	6
OG0000730	0	6	6
OG0000731	0	6	6
OG0000732	0	6	6
OG0000733	0	6	6
OG0000734	0	6	6
OG0000735	0	6	6
OG0000736	0	6	6
OG0000737	0	6	6
OG0000738	0	6	6
OG0000739	0	6	6
OG0000740	0	6	6
OG0000741	0	6	6
OG0000742	0	6	6
OG0000743	0	6	6
OG0000744	0	6	6
OG0000745	0	6	6
OG0000746	0	6	6
OG0000747	0	6	6
OG0000748	0	6	6
OG0000749	0	6	6
OG0000750	0	6	6
OG0000751	0	6	6
OG0000752	0	6	6
OG0000753	0	6	6
OG0000754	0	6	6
OG0000755	0	6	6
OG0000756	0	6	6
OG0000757	0	6	6
OG0000758	0	6	6
OG0000759	0	6	6
OG0000760	0	6	6
OG0000761	0	6	6
OG0000762	0	6	6
OG0000763	0	6	6
OG0000764	0	6	6
OG0000765	0	6	6
OG0000766	0	6	6
OG0000767	0	6	6
OG0000768	0	6	6
OG0000769	0	6	6
OG0000770	0	6	6
OG0000771	0	6	6
OG0000772	0	6	6
OG0000773	0	6	6
OG0000774	0	6	6
OG0000775	0	6	6
OG0000776	0	6	6
OG0000777	0	6	6
OG0000778	0	6	6
OG0000779	0	6	6
OG0000780	0	6	6
OG0000781	0	6	6
OG0000782	0	6	6
OG0000783	0	6	6
OG0000784	0	6	6
OG0000785	0	6	6
OG0000786	0	6	6
OG0000787	0	6	6
OG0000788	0	6	6
OG0000789	0	6	6
OG0000790	0	6	6
OG0000791	0	6	6
OG0000792	0	6	6
OG0000793	0	6	6
OG0000794	0	6	6
OG0000795	0	6	6
OG0000796	0	6	6
OG0000797	0	6	6
OG0000798	0	6	6
OG0000799	0	6	6
OG0000800	0	6	6
OG0000801	0	6	6
OG0000802	0	6	6
OG0000803	0	6	6
OG0000804	0	6	6
OG0000805	0	6	6
OG0000806	0	6	6
OG0000807	0	6	6
OG0000808	0	6	6
OG0000809	0	6	6
OG0000810	0	6	6
OG0000811	0	6	6
OG0000812	0	6	6
OG0000813	0	6	6
OG0000814	0	6	6
OG0000815	5	0	5
OG0000816	5	0	5
OG0000817	5	0	5
OG0000818	5	0	5
OG0000819	3	2	5
OG0000820	4	1	5
OG0000821	1	4	5
OG0000822	5	0	5
OG0000823	5	0	5
OG0000824	5	0	5
OG0000825	3	2	5
OG0000826	1	4	5
OG0000827	4	1	5
OG0000828	5	0	5
OG0000829	4	1	5
OG0000830	3	2	5
OG0000831	5	0	5
OG0000832	5	0	5
OG0000833	5	0	5
OG0000834	1	4	5
OG0000835	2	3	5
OG0000836	4	1	5
OG0000837	2	3	5
OG0000838	1	4	5
OG0000839	4	1	5
OG0000840	1	4	5
OG0000841	0	5	5
OG0000842	0	5	5
OG0000843	0	5	5
OG0000844	0	5	5
OG0000845	0	5	5
OG0000846	0	5	5
OG0000847	0	5	5
OG0000848	0	5	5
OG0000849	0	5	5
OG0000850	0	5	5
OG0000851	0	5	5
OG0000852	0	5	5
OG0000853	0	5	5
OG0000854	0	5	5
OG0000855	0	5	5
OG0000856	0	5	5
OG0000857	0	5	5
OG0000858	0	5	5
OG0000859	0	5	5
OG0000860	0	5	5
OG0000861	0	5	5
OG0000862	0	5	5
OG0000863	0	5	5
OG0000864	0	5	5
OG0000865	0	5	5
OG0000866	0	5	5
OG0000867	0	5	5
OG0000868	0	5	5
OG0000869	0	5	5
OG0000870	0	5	5
OG0000871	0	5	5
OG0000872	0	5	5
OG0000873	0	5	5
OG0000874	0	5	5
OG0000875	0	5	5
OG0000876	0	5	5
OG0000877	0	5	5
OG0000878	0	5	5
OG0000879	0	5	5
OG0000880	0	5	5
OG0000881	0	5	5
OG0000882	0	5	5
OG0000883	0	5	5
OG0000884	0	5	5
OG0000885	0	5	5
OG0000886	0	5	5
OG0000887	0	5	5
OG0000888	0	5	5
OG0000889	0	5	5
OG0000890	0	5	5
OG0000891	0	5	5
OG0000892	0	5	5
OG0000893	0	5	5
OG0000894	0	5	5
OG0000895	0	5	5
OG0000896	0	5	5
OG0000897	0	5	5
OG0000898	0	5	5
OG0000899	0	5	5
OG0000900	0	5	5
OG0000901	0	5	5
OG0000902	0	5	5
OG0000903	0	5	5
OG0000904	0	5	5
OG0000905	0	5	5
OG0000906	0	5	5
OG0000907	0	5	5
OG0000908	0	5	5
OG0000909	0	5	5
OG0000910	0	5	5
OG0000911	0	5	5
OG0000912	0	5	5
OG0000913	0	5	5
OG0000914	0	5	5
OG0000915	0	5	5
OG0000916	0	5	5
OG0000917	0	5	5
OG0000918	0	5	5
OG0000919	0	5	5
OG0000920	0	5	5
OG0000921	0	5	5
OG0000922	0	5	5
OG0000923	0	5	5
OG0000924	0	5	5
OG0000925	0	5	5
OG0000926	0	5	5
OG0000927	0	5	5
OG0000928	0	5	5
OG0000929	0	5	5
OG0000930	0	5	5
OG0000931	0	5	5
OG0000932	0	5	5
OG0000933	0	5	5
OG0000934	0	5	5
OG0000935	0	5	5
OG0000936	0	5	5
OG0000937	0	5	5
OG0000938	0	5	5
OG0000939	0	5	5
OG0000940	0	5	5
OG0000941	0	5	5
OG0000942	0	5	5
OG0000943	0	5	5
OG0000944	0	5	5
OG0000945	0	5	5
OG0000946	0	5	5
OG0000947	0	5	5
OG0000948	0	5	5
OG0000949	0	5	5
OG0000950	0	5	5
OG0000951	0	5	5
OG0000952	0	5	5
OG0000953	0	5	5
OG0000954	0	5	5
OG0000955	0	5	5
OG0000956	0	5	5
OG0000957	0	5	5
OG0000958	0	5	5
OG0000959	0	5	5
OG0000960	0	5	5
OG0000961	0	5	5
OG0000962	0	5	5
OG0000963	0	5	5
OG0000964	0	5	5
OG0000965	0	5	5
OG0000966	0	5	5
OG0000967	0	5	5
OG0000968	0	5	5
OG0000969	0	5	5
OG0000970	0	5	5
OG0000971	0	5	5
OG0000972	0	5	5
OG0000973	0	5	5
OG0000974	0	5	5
OG0000975	0	5	5
OG0000976	0	5	5
OG0000977	0	5	5
OG0000978	0	5	5
OG0000979	0	5	5
OG0000980	0	5	5
OG0000981	0	5	5
OG0000982	0	5	5
OG0000983	0	5	5
OG0000984	0	5	5
OG0000985	0	5	5
OG0000986	0	5	5
OG0000987	0	5	5
OG0000988	0	5	5
OG0000989	0	5	5
OG0000990	0	5	5
OG0000991	0	5	5
OG0000992	0	5	5
OG0000993	0	5	5
OG0000994	0	5	5
OG0000995	0	5	5
OG0000996	0	5	5
OG0000997	0	5	5
OG0000998	0	5	5
OG0000999	0	5	5
OG0001000	0	5	5
OG0001001	0	5	5
OG0001002	0	5	5
OG0001003	0	5	5
OG0001004	0	5	5
OG0001005	0	5	5
OG0001006	0	5	5
OG0001007	0	5	5
OG0001008	0	5	5
OG0001009	0	5	5
OG0001010	0	5	5
OG0001011	0	5	5
OG0001012	0	5	5
OG0001013	0	5	5
OG0001014	0	5	5
OG0001015	0	5	5
OG0001016	0	5	5
OG0001017	0	5	5
OG0001018	0	5	5
OG0001019	0	5	5
OG0001020	0	5	5
OG0001021	0	5	5
OG0001022	0	5	5
OG0001023	0	5	5
OG0001024	0	5	5
OG0001025	0	5	5
OG0001026	0	5	5
OG0001027	0	5	5
OG0001028	0	5	5
OG0001029	0	5	5
OG0001030	0	5	5
OG0001031	0	5	5
OG0001032	0	5	5
OG0001033	0	5	5
OG0001034	0	5	5
OG0001035	0	5	5
OG0001036	0	5	5
OG0001037	0	5	5
OG0001038	0	5	5
OG0001039	0	5	5
OG0001040	0	5	5
OG0001041	0	5	5
OG0001042	0	5	5
OG0001043	0	5	5
OG0001044	0	5	5
OG0001045	0	5	5
OG0001046	0	5	5
OG0001047	0	5	5
OG0001048	4	0	4
OG0001049	4	0	4
OG0001050	4	0	4
OG0001051	3	1	4
OG0001052	3	1	4
OG0001053	4	0	4
OG0001054	4	0	4
OG0001055	4	0	4
OG0001056	1	3	4
OG0001057	3	1	4
OG0001058	2	2	4
OG0001059	1	3	4
OG0001060	3	1	4
OG0001061	3	1	4
OG0001062	3	1	4
OG0001063	3	1	4
OG0001064	1	3	4
OG0001065	2	2	4
OG0001066	4	0	4
OG0001067	1	3	4
OG0001068	1	3	4
OG0001069	4	0	4
OG0001070	3	1	4
OG0001071	1	3	4
OG0001072	2	2	4
OG0001073	4	0	4
OG0001074	2	2	4
OG0001075	3	1	4
OG0001076	3	1	4
OG0001077	4	0	4
OG0001078	4	0	4
OG0001079	1	3	4
OG0001080	1	3	4
OG0001081	4	0	4
OG0001082	1	3	4
OG0001083	3	1	4
OG0001084	1	3	4
OG0001085	4	0	4
OG0001086	2	2	4
OG0001087	2	2	4
OG0001088	4	0	4
OG0001089	1	3	4
OG0001090	1	3	4
OG0001091	1	3	4
OG0001092	1	3	4
OG0001093	1	3	4
OG0001094	1	3	4
OG0001095	0	4	4
OG0001096	0	4	4
OG0001097	0	4	4
OG0001098	0	4	4
OG0001099	0	4	4
OG0001100	0	4	4
OG0001101	0	4	4
OG0001102	0	4	4
OG0001103	0	4	4
OG0001104	0	4	4
OG0001105	0	4	4
OG0001106	0	4	4
OG0001107	0	4	4
OG0001108	0	4	4
OG0001109	0	4	4
OG0001110	0	4	4
OG0001111	0	4	4
OG0001112	0	4	4
OG0001113	0	4	4
OG0001114	0	4	4
OG0001115	0	4	4
OG0001116	0	4	4
OG0001117	0	4	4
OG0001118	0	4	4
OG0001119	0	4	4
OG0001120	0	4	4
OG0001121	0	4	4
OG0001122	0	4	4
OG0001123	0	4	4
OG0001124	0	4	4
OG0001125	0	4	4
OG0001126	0	4	4
OG0001127	0	4	4
OG0001128	0	4	4
OG0001129	0	4	4
OG0001130	0	4	4
OG0001131	0	4	4
OG0001132	0	4	4
OG0001133	0	4	4
OG0001134	0	4	4
OG0001135	0	4	4
OG0001136	0	4	4
OG0001137	0	4	4
OG0001138	0	4	4
OG0001139	0	4	4
OG0001140	0	4	4
OG0001141	0	4	4
OG0001142	0	4	4
OG0001143	0	4	4
OG0001144	0	4	4
OG0001145	0	4	4
OG0001146	0	4	4
OG0001147	0	4	4
OG0001148	0	4	4
OG0001149	0	4	4
OG0001150	0	4	4
OG0001151	0	4	4
OG0001152	0	4	4
OG0001153	0	4	4
OG0001154	0	4	4
OG0001155	0	4	4
OG0001156	0	4	4
OG0001157	0	4	4
OG0001158	0	4	4
OG0001159	0	4	4
OG0001160	0	4	4
OG0001161	0	4	4
OG0001162	0	4	4
OG0001163	0	4	4
OG0001164	0	4	4
OG0001165	0	4	4
OG0001166	0	4	4
OG0001167	0	4	4
OG0001168	0	4	4
OG0001169	0	4	4
OG0001170	0	4	4
OG0001171	0	4	4
OG0001172	0	4	4
OG0001173	0	4	4
OG0001174	0	4	4
OG0001175	0	4	4
OG0001176	0	4	4
OG0001177	0	4	4
OG0001178	0	4	4
OG0001179	0	4	4
OG0001180	0	4	4
OG0001181	0	4	4
OG0001182	0	4	4
OG0001183	0	4	4
OG0001184	0	4	4
OG0001185	0	4	4
OG0001186	0	4	4
OG0001187	0	4	4
OG0001188	0	4	4
OG0001189	0	4	4
OG0001190	0	4	4
OG0001191	0	4	4
OG0001192	0	4	4
OG0001193	0	4	4
OG0001194	0	4	4
OG0001195	0	4	4
OG0001196	0	4	4
OG0001197	0	4	4
OG0001198	0	4	4
OG0001199	0	4	4
OG0001200	0	4	4
OG0001201	0	4	4
OG0001202	0	4	4
OG0001203	0	4	4
OG0001204	0	4	4
OG0001205	0	4	4
OG0001206	0	4	4
OG0001207	0	4	4
OG0001208	0	4	4
OG0001209	0	4	4
OG0001210	0	4	4
OG0001211	0	4	4
OG0001212	0	4	4
OG0001213	0	4	4
OG0001214	0	4	4
OG0001215	0	4	4
OG0001216	0	4	4
OG0001217	0	4	4
OG0001218	0	4	4
OG0001219	0	4	4
OG0001220	0	4	4
OG0001221	0	4	4
OG0001222	0	4	4
OG0001223	0	4	4
OG0001224	0	4	4
OG0001225	0	4	4
OG0001226	0	4	4
OG0001227	0	4	4
OG0001228	0	4	4
OG0001229	0	4	4
OG0001230	0	4	4
OG0001231	0	4	4
OG0001232	0	4	4
OG0001233	0	4	4
OG0001234	0	4	4
OG0001235	0	4	4
OG0001236	0	4	4
OG0001237	0	4	4
OG0001238	0	4	4
OG0001239	0	4	4
OG0001240	0	4	4
OG0001241	0	4	4
OG0001242	0	4	4
OG0001243	0	4	4
OG0001244	0	4	4
OG0001245	0	4	4
OG0001246	0	4	4
OG0001247	0	4	4
OG0001248	0	4	4
OG0001249	0	4	4
OG0001250	0	4	4
OG0001251	0	4	4
OG0001252	0	4	4
OG0001253	0	4	4
OG0001254	0	4	4
OG0001255	0	4	4
OG0001256	0	4	4
OG0001257	0	4	4
OG0001258	0	4	4
OG0001259	0	4	4
OG0001260	0	4	4
OG0001261	0	4	4
OG0001262	0	4	4
OG0001263	0	4	4
OG0001264	0	4	4
OG0001265	0	4	4
OG0001266	0	4	4
OG0001267	0	4	4
OG0001268	0	4	4
OG0001269	0	4	4
OG0001270	0	4	4
OG0001271	0	4	4
OG0001272	0	4	4
OG0001273	0	4	4
OG0001274	0	4	4
OG0001275	0	4	4
OG0001276	0	4	4
OG0001277	0	4	4
OG0001278	0	4	4
OG0001279	0	4	4
OG0001280	0	4	4
OG0001281	0	4	4
OG0001282	0	4	4
OG0001283	0	4	4
OG0001284	0	4	4
OG0001285	0	4	4
OG0001286	0	4	4
OG0001287	0	4	4
OG0001288	0	4	4
OG0001289	0	4	4
OG0001290	0	4	4
OG0001291	0	4	4
OG0001292	0	4	4
OG0001293	0	4	4
OG0001294	0	4	4
OG0001295	0	4	4
OG0001296	0	4	4
OG0001297	0	4	4
OG0001298	0	4	4
OG0001299	0	4	4
OG0001300	0	4	4
OG0001301	0	4	4
OG0001302	0	4	4
OG0001303	0	4	4
OG0001304	0	4	4
OG0001305	0	4	4
OG0001306	0	4	4
OG0001307	0	4	4
OG0001308	0	4	4
OG0001309	0	4	4
OG0001310	0	4	4
OG0001311	0	4	4
OG0001312	0	4	4
OG0001313	0	4	4
OG0001314	0	4	4
OG0001315	0	4	4
OG0001316	0	4	4
OG0001317	0	4	4
OG0001318	0	4	4
OG0001319	0	4	4
OG0001320	0	4	4
OG0001321	0	4	4
OG0001322	0	4	4
OG0001323	0	4	4
OG0001324	0	4	4
OG0001325	0	4	4
OG0001326	0	4	4
OG0001327	0	4	4
OG0001328	0	4	4
OG0001329	0	4	4
OG0001330	0	4	4
OG0001331	0	4	4
OG0001332	0	4	4
OG0001333	0	4	4
OG0001334	0	4	4
OG0001335	0	4	4
OG0001336	0	4	4
OG0001337	0	4	4
OG0001338	0	4	4
OG0001339	0	4	4
OG0001340	0	4	4
OG0001341	0	4	4
OG0001342	0	4	4
OG0001343	0	4	4
OG0001344	0	4	4
OG0001345	0	4	4
OG0001346	0	4	4
OG0001347	0	4	4
OG0001348	0	4	4
OG0001349	0	4	4
OG0001350	0	4	4
OG0001351	0	4	4
OG0001352	0	4	4
OG0001353	0	4	4
OG0001354	0	4	4
OG0001355	0	4	4
OG0001356	0	4	4
OG0001357	0	4	4
OG0001358	0	4	4
OG0001359	0	4	4
OG0001360	0	4	4
OG0001361	0	4	4
OG0001362	0	4	4
OG0001363	0	4	4
OG0001364	0	4	4
OG0001365	0	4	4
OG0001366	0	4	4
OG0001367	0	4	4
OG0001368	0	4	4
OG0001369	0	4	4
OG0001370	0	4	4
OG0001371	0	4	4
OG0001372	0	4	4
OG0001373	0	4	4
OG0001374	0	4	4
OG0001375	0	4	4
OG0001376	0	4	4
OG0001377	0	4	4
OG0001378	0	4	4
OG0001379	0	4	4
OG0001380	0	4	4
OG0001381	0	4	4
OG0001382	0	4	4
OG0001383	0	4	4
OG0001384	0	4	4
OG0001385	0	4	4
OG0001386	0	4	4
OG0001387	0	4	4
OG0001388	0	4	4
OG0001389	0	4	4
OG0001390	0	4	4
OG0001391	0	4	4
OG0001392	0	4	4
OG0001393	0	4	4
OG0001394	0	4	4
OG0001395	0	4	4
OG0001396	0	4	4
OG0001397	0	4	4
OG0001398	0	4	4
OG0001399	0	4	4
OG0001400	0	4	4
OG0001401	0	4	4
OG0001402	0	4	4
OG0001403	0	4	4
OG0001404	0	4	4
OG0001405	0	4	4
OG0001406	0	4	4
OG0001407	0	4	4
OG0001408	0	4	4
OG0001409	0	4	4
OG0001410	0	4	4
OG0001411	0	4	4
OG0001412	0	4	4
OG0001413	0	4	4
OG0001414	0	4	4
OG0001415	0	4	4
OG0001416	0	4	4
OG0001417	0	4	4
OG0001418	0	4	4
OG0001419	0	4	4
OG0001420	0	4	4
OG0001421	0	4	4
OG0001422	0	4	4
OG0001423	0	4	4
OG0001424	0	4	4
OG0001425	0	4	4
OG0001426	0	4	4
OG0001427	0	4	4
OG0001428	0	4	4
OG0001429	0	4	4
OG0001430	0	4	4
OG0001431	0	4	4
OG0001432	0	4	4
OG0001433	0	4	4
OG0001434	0	4	4
OG0001435	0	4	4
OG0001436	0	4	4
OG0001437	0	4	4
OG0001438	0	4	4
OG0001439	0	4	4
OG0001440	0	4	4
OG0001441	0	4	4
OG0001442	0	4	4
OG0001443	0	4	4
OG0001444	0	4	4
OG0001445	0	4	4
OG0001446	0	4	4
OG0001447	0	4	4
OG0001448	0	4	4
OG0001449	0	4	4
OG0001450	0	4	4
OG0001451	0	4	4
OG0001452	0	4	4
OG0001453	0	4	4
OG0001454	0	4	4
OG0001455	0	4	4
OG0001456	0	4	4
OG0001457	0	4	4
OG0001458	0	4	4
OG0001459	0	4	4
OG0001460	0	4	4
OG0001461	0	4	4
OG0001462	0	4	4
OG0001463	0	4	4
OG0001464	0	4	4
OG0001465	0	4	4
OG0001466	0	4	4
OG0001467	0	4	4
OG0001468	0	4	4
OG0001469	0	4	4
OG0001470	0	4	4
OG0001471	0	4	4
OG0001472	0	4	4
OG0001473	0	4	4
OG0001474	0	4	4
OG0001475	2	1	3
OG0001476	3	0	3
OG0001477	1	2	3
OG0001478	2	1	3
OG0001479	2	1	3
OG0001480	2	1	3
OG0001481	1	2	3
OG0001482	1	2	3
OG0001483	3	0	3
OG0001484	2	1	3
OG0001485	2	1	3
OG0001486	3	0	3
OG0001487	1	2	3
OG0001488	3	0	3
OG0001489	3	0	3
OG0001490	3	0	3
OG0001491	1	2	3
OG0001492	2	1	3
OG0001493	3	0	3
OG0001494	3	0	3
OG0001495	3	0	3
OG0001496	3	0	3
OG0001497	2	1	3
OG0001498	3	0	3
OG0001499	3	0	3
OG0001500	2	1	3
OG0001501	1	2	3
OG0001502	2	1	3
OG0001503	1	2	3
OG0001504	2	1	3
OG0001505	2	1	3
OG0001506	3	0	3
OG0001507	2	1	3
OG0001508	3	0	3
OG0001509	1	2	3
OG0001510	3	0	3
OG0001511	3	0	3
OG0001512	2	1	3
OG0001513	3	0	3
OG0001514	2	1	3
OG0001515	3	0	3
OG0001516	1	2	3
OG0001517	1	2	3
OG0001518	3	0	3
OG0001519	1	2	3
OG0001520	1	2	3
OG0001521	3	0	3
OG0001522	3	0	3
OG0001523	3	0	3
OG0001524	1	2	3
OG0001525	1	2	3
OG0001526	2	1	3
OG0001527	3	0	3
OG0001528	3	0	3
OG0001529	3	0	3
OG0001530	1	2	3
OG0001531	3	0	3
OG0001532	3	0	3
OG0001533	3	0	3
OG0001534	1	2	3
OG0001535	1	2	3
OG0001536	3	0	3
OG0001537	3	0	3
OG0001538	2	1	3
OG0001539	1	2	3
OG0001540	1	2	3
OG0001541	1	2	3
OG0001542	1	2	3
OG0001543	1	2	3
OG0001544	3	0	3
OG0001545	1	2	3
OG0001546	3	0	3
OG0001547	1	2	3
OG0001548	2	1	3
OG0001549	3	0	3
OG0001550	1	2	3
OG0001551	3	0	3
OG0001552	1	2	3
OG0001553	1	2	3
OG0001554	3	0	3
OG0001555	3	0	3
OG0001556	1	2	3
OG0001557	3	0	3
OG0001558	2	1	3
OG0001559	1	2	3
OG0001560	1	2	3
OG0001561	1	2	3
OG0001562	1	2	3
OG0001563	3	0	3
OG0001564	2	1	3
OG0001565	1	2	3
OG0001566	1	2	3
OG0001567	3	0	3
OG0001568	3	0	3
OG0001569	2	1	3
OG0001570	2	1	3
OG0001571	1	2	3
OG0001572	2	1	3
OG0001573	3	0	3
OG0001574	1	2	3
OG0001575	1	2	3
OG0001576	2	1	3
OG0001577	2	1	3
OG0001578	3	0	3
OG0001579	2	1	3
OG0001580	2	1	3
OG0001581	2	1	3
OG0001582	1	2	3
OG0001583	1	2	3
OG0001584	1	2	3
OG0001585	3	0	3
OG0001586	1	2	3
OG0001587	3	0	3
OG0001588	1	2	3
OG0001589	1	2	3
OG0001590	1	2	3
OG0001591	3	0	3
OG0001592	1	2	3
OG0001593	2	1	3
OG0001594	1	2	3
OG0001595	1	2	3
OG0001596	1	2	3
OG0001597	1	2	3
OG0001598	1	2	3
OG0001599	1	2	3
OG0001600	1	2	3
OG0001601	1	2	3
OG0001602	1	2	3
OG0001603	1	2	3
OG0001604	2	1	3
OG0001605	1	2	3
OG0001606	2	1	3
OG0001607	2	1	3
OG0001608	1	2	3
OG0001609	1	2	3
OG0001610	1	2	3
OG0001611	1	2	3
OG0001612	2	1	3
OG0001613	1	2	3
OG0001614	1	2	3
OG0001615	1	2	3
OG0001616	1	2	3
OG0001617	1	2	3
OG0001618	1	2	3
OG0001619	1	2	3
OG0001620	0	3	3
OG0001621	0	3	3
OG0001622	0	3	3
OG0001623	0	3	3
OG0001624	0	3	3
OG0001625	0	3	3
OG0001626	0	3	3
OG0001627	0	3	3
OG0001628	0	3	3
OG0001629	0	3	3
OG0001630	0	3	3
OG0001631	0	3	3
OG0001632	0	3	3
OG0001633	0	3	3
OG0001634	0	3	3
OG0001635	0	3	3
OG0001636	0	3	3
OG0001637	0	3	3
OG0001638	0	3	3
OG0001639	0	3	3
OG0001640	0	3	3
OG0001641	0	3	3
OG0001642	0	3	3
OG0001643	0	3	3
OG0001644	0	3	3
OG0001645	0	3	3
OG0001646	0	3	3
OG0001647	0	3	3
OG0001648	0	3	3
OG0001649	0	3	3
OG0001650	0	3	3
OG0001651	0	3	3
OG0001652	0	3	3
OG0001653	0	3	3
OG0001654	0	3	3
OG0001655	0	3	3
OG0001656	0	3	3
OG0001657	0	3	3
OG0001658	0	3	3
OG0001659	0	3	3
OG0001660	0	3	3
OG0001661	0	3	3
OG0001662	0	3	3
OG0001663	0	3	3
OG0001664	0	3	3
OG0001665	0	3	3
OG0001666	0	3	3
OG0001667	0	3	3
OG0001668	0	3	3
OG0001669	0	3	3
OG0001670	0	3	3
OG0001671	0	3	3
OG0001672	0	3	3
OG0001673	0	3	3
OG0001674	0	3	3
OG0001675	0	3	3
OG0001676	0	3	3
OG0001677	0	3	3
OG0001678	0	3	3
OG0001679	0	3	3
OG0001680	0	3	3
OG0001681	0	3	3
OG0001682	0	3	3
OG0001683	0	3	3
OG0001684	0	3	3
OG0001685	0	3	3
OG0001686	0	3	3
OG0001687	0	3	3
OG0001688	0	3	3
OG0001689	0	3	3
OG0001690	0	3	3
OG0001691	0	3	3
OG0001692	0	3	3
OG0001693	0	3	3
OG0001694	0	3	3
OG0001695	0	3	3
OG0001696	0	3	3
OG0001697	0	3	3
OG0001698	0	3	3
OG0001699	0	3	3
OG0001700	0	3	3
OG0001701	0	3	3
OG0001702	0	3	3
OG0001703	0	3	3
OG0001704	0	3	3
OG0001705	0	3	3
OG0001706	0	3	3
OG0001707	0	3	3
OG0001708	0	3	3
OG0001709	0	3	3
OG0001710	0	3	3
OG0001711	0	3	3
OG0001712	0	3	3
OG0001713	0	3	3
OG0001714	0	3	3
OG0001715	0	3	3
OG0001716	0	3	3
OG0001717	0	3	3
OG0001718	0	3	3
OG0001719	0	3	3
OG0001720	0	3	3
OG0001721	0	3	3
OG0001722	0	3	3
OG0001723	0	3	3
OG0001724	0	3	3
OG0001725	0	3	3
OG0001726	0	3	3
OG0001727	0	3	3
OG0001728	0	3	3
OG0001729	0	3	3
OG0001730	0	3	3
OG0001731	0	3	3
OG0001732	0	3	3
OG0001733	0	3	3
OG0001734	0	3	3
OG0001735	0	3	3
OG0001736	0	3	3
OG0001737	0	3	3
OG0001738	0	3	3
OG0001739	0	3	3
OG0001740	0	3	3
OG0001741	0	3	3
OG0001742	0	3	3
OG0001743	0	3	3
OG0001744	0	3	3
OG0001745	0	3	3
OG0001746	0	3	3
OG0001747	0	3	3
OG0001748	0	3	3
OG0001749	0	3	3
OG0001750	0	3	3
OG0001751	0	3	3
OG0001752	0	3	3
OG0001753	0	3	3
OG0001754	0	3	3
OG0001755	0	3	3
OG0001756	0	3	3
OG0001757	0	3	3
OG0001758	0	3	3
OG0001759	0	3	3
OG0001760	0	3	3
OG0001761	0	3	3
OG0001762	0	3	3
OG0001763	0	3	3
OG0001764	0	3	3
OG0001765	0	3	3
OG0001766	0	3	3
OG0001767	0	3	3
OG0001768	0	3	3
OG0001769	0	3	3
OG0001770	0	3	3
OG0001771	0	3	3
OG0001772	0	3	3
OG0001773	0	3	3
OG0001774	0	3	3
OG0001775	0	3	3
OG0001776	0	3	3
OG0001777	0	3	3
OG0001778	0	3	3
OG0001779	0	3	3
OG0001780	0	3	3
OG0001781	0	3	3
OG0001782	0	3	3
OG0001783	0	3	3
OG0001784	0	3	3
OG0001785	0	3	3
OG0001786	0	3	3
OG0001787	0	3	3
OG0001788	0	3	3
OG0001789	0	3	3
OG0001790	0	3	3
OG0001791	0	3	3
OG0001792	0	3	3
OG0001793	0	3	3
OG0001794	0	3	3
OG0001795	0	3	3
OG0001796	0	3	3
OG0001797	0	3	3
OG0001798	0	3	3
OG0001799	0	3	3
OG0001800	0	3	3
OG0001801	0	3	3
OG0001802	0	3	3
OG0001803	0	3	3
OG0001804	0	3	3
OG0001805	0	3	3
OG0001806	0	3	3
OG0001807	0	3	3
OG0001808	0	3	3
OG0001809	0	3	3
OG0001810	0	3	3
OG0001811	0	3	3
OG0001812	0	3	3
OG0001813	0	3	3
OG0001814	0	3	3
OG0001815	0	3	3
OG0001816	0	3	3
OG0001817	0	3	3
OG0001818	0	3	3
OG0001819	0	3	3
OG0001820	0	3	3
OG0001821	0	3	3
OG0001822	0	3	3
OG0001823	0	3	3
OG0001824	0	3	3
OG0001825	0	3	3
OG0001826	0	3	3
OG0001827	0	3	3
OG0001828	0	3	3
OG0001829	0	3	3
OG0001830	0	3	3
OG0001831	0	3	3
OG0001832	0	3	3
OG0001833	0	3	3
OG0001834	0	3	3
OG0001835	0	3	3
OG0001836	0	3	3
OG0001837	0	3	3
OG0001838	0	3	3
OG0001839	0	3	3
OG0001840	0	3	3
OG0001841	0	3	3
OG0001842	0	3	3
OG0001843	0	3	3
OG0001844	0	3	3
OG0001845	0	3	3
OG0001846	0	3	3
OG0001847	0	3	3
OG0001848	0	3	3
OG0001849	0	3	3
OG0001850	0	3	3
OG0001851	0	3	3
OG0001852	0	3	3
OG0001853	0	3	3
OG0001854	0	3	3
OG0001855	0	3	3
OG0001856	0	3	3
OG0001857	0	3	3
OG0001858	0	3	3
OG0001859	0	3	3
OG0001860	0	3	3
OG0001861	0	3	3
OG0001862	0	3	3
OG0001863	0	3	3
OG0001864	0	3	3
OG0001865	0	3	3
OG0001866	0	3	3
OG0001867	0	3	3
OG0001868	0	3	3
OG0001869	0	3	3
OG0001870	0	3	3
OG0001871	0	3	3
OG0001872	0	3	3
OG0001873	0	3	3
OG0001874	0	3	3
OG0001875	0	3	3
OG0001876	0	3	3
OG0001877	0	3	3
OG0001878	0	3	3
OG0001879	0	3	3
OG0001880	0	3	3
OG0001881	0	3	3
OG0001882	0	3	3
OG0001883	0	3	3
OG0001884	0	3	3
OG0001885	0	3	3
OG0001886	0	3	3
OG0001887	0	3	3
OG0001888	0	3	3
OG0001889	0	3	3
OG0001890	0	3	3
OG0001891	0	3	3
OG0001892	0	3	3
OG0001893	0	3	3
OG0001894	0	3	3
OG0001895	0	3	3
OG0001896	0	3	3
OG0001897	0	3	3
OG0001898	0	3	3
OG0001899	0	3	3
OG0001900	0	3	3
OG0001901	0	3	3
OG0001902	0	3	3
OG0001903	0	3	3
OG0001904	0	3	3
OG0001905	0	3	3
OG0001906	0	3	3
OG0001907	0	3	3
OG0001908	0	3	3
OG0001909	0	3	3
OG0001910	0	3	3
OG0001911	0	3	3
OG0001912	0	3	3
OG0001913	0	3	3
OG0001914	0	3	3
OG0001915	0	3	3
OG0001916	0	3	3
OG0001917	0	3	3
OG0001918	0	3	3
OG0001919	0	3	3
OG0001920	0	3	3
OG0001921	0	3	3
OG0001922	0	3	3
OG0001923	0	3	3
OG0001924	0	3	3
OG0001925	0	3	3
OG0001926	0	3	3
OG0001927	0	3	3
OG0001928	0	3	3
OG0001929	0	3	3
OG0001930	0	3	3
OG0001931	0	3	3
OG0001932	0	3	3
OG0001933	0	3	3
OG0001934	0	3	3
OG0001935	0	3	3
OG0001936	0	3	3
OG0001937	0	3	3
OG0001938	0	3	3
OG0001939	0	3	3
OG0001940	0	3	3
OG0001941	0	3	3
OG0001942	0	3	3
OG0001943	0	3	3
OG0001944	0	3	3
OG0001945	0	3	3
OG0001946	0	3	3
OG0001947	0	3	3
OG0001948	0	3	3
OG0001949	0	3	3
OG0001950	0	3	3
OG0001951	0	3	3
OG0001952	0	3	3
OG0001953	0	3	3
OG0001954	0	3	3
OG0001955	0	3	3
OG0001956	0	3	3
OG0001957	0	3	3
OG0001958	0	3	3
OG0001959	0	3	3
OG0001960	0	3	3
OG0001961	0	3	3
OG0001962	0	3	3
OG0001963	0	3	3
OG0001964	0	3	3
OG0001965	0	3	3
OG0001966	0	3	3
OG0001967	0	3	3
OG0001968	0	3	3
OG0001969	0	3	3
OG0001970	0	3	3
OG0001971	0	3	3
OG0001972	0	3	3
OG0001973	0	3	3
OG0001974	0	3	3
OG0001975	0	3	3
OG0001976	0	3	3
OG0001977	0	3	3
OG0001978	0	3	3
OG0001979	0	3	3
OG0001980	0	3	3
OG0001981	0	3	3
OG0001982	0	3	3
OG0001983	0	3	3
OG0001984	0	3	3
OG0001985	0	3	3
OG0001986	0	3	3
OG0001987	0	3	3
OG0001988	0	3	3
OG0001989	0	3	3
OG0001990	0	3	3
OG0001991	0	3	3
OG0001992	0	3	3
OG0001993	0	3	3
OG0001994	0	3	3
OG0001995	0	3	3
OG0001996	0	3	3
OG0001997	0	3	3
OG0001998	0	3	3
OG0001999	0	3	3
OG0002000	0	3	3
OG0002001	0	3	3
OG0002002	0	3	3
OG0002003	0	3	3
OG0002004	0	3	3
OG0002005	0	3	3
OG0002006	0	3	3
OG0002007	0	3	3
OG0002008	0	3	3
OG0002009	0	3	3
OG0002010	0	3	3
OG0002011	0	3	3
OG0002012	0	3	3
OG0002013	0	3	3
OG0002014	0	3	3
OG0002015	0	3	3
OG0002016	0	3	3
OG0002017	0	3	3
OG0002018	0	3	3
OG0002019	0	3	3
OG0002020	0	3	3
OG0002021	0	3	3
OG0002022	0	3	3
OG0002023	0	3	3
OG0002024	0	3	3
OG0002025	0	3	3
OG0002026	0	3	3
OG0002027	0	3	3
OG0002028	0	3	3
OG0002029	0	3	3
OG0002030	0	3	3
OG0002031	0	3	3
OG0002032	0	3	3
OG0002033	0	3	3
OG0002034	0	3	3
OG0002035	0	3	3
OG0002036	0	3	3
OG0002037	0	3	3
OG0002038	0	3	3
OG0002039	0	3	3
OG0002040	0	3	3
OG0002041	0	3	3
OG0002042	0	3	3
OG0002043	0	3	3
OG0002044	0	3	3
OG0002045	0	3	3
OG0002046	0	3	3
OG0002047	0	3	3
OG0002048	0	3	3
OG0002049	0	3	3
OG0002050	0	3	3
OG0002051	0	3	3
OG0002052	0	3	3
OG0002053	0	3	3
OG0002054	0	3	3
OG0002055	0	3	3
OG0002056	0	3	3
OG0002057	0	3	3
OG0002058	0	3	3
OG0002059	0	3	3
OG0002060	0	3	3
OG0002061	0	3	3
OG0002062	0	3	3
OG0002063	0	3	3
OG0002064	0	3	3
OG0002065	0	3	3
OG0002066	0	3	3
OG0002067	0	3	3
OG0002068	0	3	3
OG0002069	0	3	3
OG0002070	0	3	3
OG0002071	0	3	3
OG0002072	0	3	3
OG0002073	0	3	3
OG0002074	0	3	3
OG0002075	0	3	3
OG0002076	0	3	3
OG0002077	0	3	3
OG0002078	0	3	3
OG0002079	0	3	3
OG0002080	0	3	3
OG0002081	0	3	3
OG0002082	0	3	3
OG0002083	0	3	3
OG0002084	0	3	3
OG0002085	0	3	3
OG0002086	0	3	3
OG0002087	0	3	3
OG0002088	0	3	3
OG0002089	0	3	3
OG0002090	0	3	3
OG0002091	0	3	3
OG0002092	0	3	3
OG0002093	0	3	3
OG0002094	0	3	3
OG0002095	0	3	3
OG0002096	0	3	3
OG0002097	0	3	3
OG0002098	0	3	3
OG0002099	0	3	3
OG0002100	0	3	3
OG0002101	0	3	3
OG0002102	0	3	3
OG0002103	0	3	3
OG0002104	0	3	3
OG0002105	0	3	3
OG0002106	0	3	3
OG0002107	0	3	3
OG0002108	0	3	3
OG0002109	0	3	3
OG0002110	0	3	3
OG0002111	0	3	3
OG0002112	0	3	3
OG0002113	0	3	3
OG0002114	0	3	3
OG0002115	0	3	3
OG0002116	0	3	3
OG0002117	0	3	3
OG0002118	0	3	3
OG0002119	0	3	3
OG0002120	0	3	3
OG0002121	0	3	3
OG0002122	0	3	3
OG0002123	0	3	3
OG0002124	0	3	3
OG0002125	0	3	3
OG0002126	0	3	3
OG0002127	0	3	3
OG0002128	0	3	3
OG0002129	0	3	3
OG0002130	0	3	3
OG0002131	0	3	3
OG0002132	0	3	3
OG0002133	0	3	3
OG0002134	0	3	3
OG0002135	0	3	3
OG0002136	0	3	3
OG0002137	0	3	3
OG0002138	0	3	3
OG0002139	0	3	3
OG0002140	0	3	3
OG0002141	0	3	3
OG0002142	0	3	3
OG0002143	0	3	3
OG0002144	0	3	3
OG0002145	0	3	3
OG0002146	0	3	3
OG0002147	0	3	3
OG0002148	0	3	3
OG0002149	0	3	3
OG0002150	0	3	3
OG0002151	0	3	3
OG0002152	0	3	3
OG0002153	0	3	3
OG0002154	0	3	3
OG0002155	0	3	3
OG0002156	0	3	3
OG0002157	0	3	3
OG0002158	0	3	3
OG0002159	0	3	3
OG0002160	0	3	3
OG0002161	0	3	3
OG0002162	0	3	3
OG0002163	0	3	3
OG0002164	0	3	3
OG0002165	0	3	3
OG0002166	0	3	3
OG0002167	0	3	3
OG0002168	0	3	3
OG0002169	0	3	3
OG0002170	0	3	3
OG0002171	0	3	3
OG0002172	0	3	3
OG0002173	0	3	3
OG0002174	0	3	3
OG0002175	0	3	3
OG0002176	0	3	3
OG0002177	0	3	3
OG0002178	0	3	3
OG0002179	0	3	3
OG0002180	0	3	3
OG0002181	0	3	3
OG0002182	0	3	3
OG0002183	0	3	3
OG0002184	0	3	3
OG0002185	0	3	3
OG0002186	0	3	3
OG0002187	0	3	3
OG0002188	0	3	3
OG0002189	0	3	3
OG0002190	0	3	3
OG0002191	0	3	3
OG0002192	0	3	3
OG0002193	0	3	3
OG0002194	0	3	3
OG0002195	0	3	3
OG0002196	0	3	3
OG0002197	0	3	3
OG0002198	0	3	3
OG0002199	0	3	3
OG0002200	0	3	3
OG0002201	0	3	3
OG0002202	0	3	3
OG0002203	0	3	3
OG0002204	0	3	3
OG0002205	0	3	3
OG0002206	0	3	3
OG0002207	0	3	3
OG0002208	0	3	3
OG0002209	0	3	3
OG0002210	0	3	3
OG0002211	0	3	3
OG0002212	0	3	3
OG0002213	0	3	3
OG0002214	0	3	3
OG0002215	0	3	3
OG0002216	0	3	3
OG0002217	0	3	3
OG0002218	0	3	3
OG0002219	0	3	3
OG0002220	0	3	3
OG0002221	0	3	3
OG0002222	0	3	3
OG0002223	0	3	3
OG0002224	0	3	3
OG0002225	0	3	3
OG0002226	0	3	3
OG0002227	0	3	3
OG0002228	0	3	3
OG0002229	0	3	3
OG0002230	0	3	3
OG0002231	0	3	3
OG0002232	0	3	3
OG0002233	0	3	3
OG0002234	0	3	3
OG0002235	0	3	3
OG0002236	0	3	3
OG0002237	0	3	3
OG0002238	0	3	3
OG0002239	0	3	3
OG0002240	0	3	3
OG0002241	0	3	3
OG0002242	0	3	3
OG0002243	0	3	3
OG0002244	0	3	3
OG0002245	0	3	3
OG0002246	0	3	3
OG0002247	0	3	3
OG0002248	0	3	3
OG0002249	0	3	3
OG0002250	0	3	3
OG0002251	0	3	3
OG0002252	0	3	3
OG0002253	0	3	3
OG0002254	0	3	3
OG0002255	0	3	3
OG0002256	1	1	2
OG0002257	1	1	2
OG0002258	2	0	2
OG0002259	2	0	2
OG0002260	1	1	2
OG0002261	1	1	2
OG0002262	2	0	2
OG0002263	1	1	2
OG0002264	2	0	2
OG0002265	2	0	2
OG0002266	1	1	2
OG0002267	2	0	2
OG0002268	1	1	2
OG0002269	1	1	2
OG0002270	2	0	2
OG0002271	1	1	2
OG0002272	1	1	2
OG0002273	2	0	2
OG0002274	1	1	2
OG0002275	2	0	2
OG0002276	1	1	2
OG0002277	1	1	2
OG0002278	1	1	2
OG0002279	2	0	2
OG0002280	1	1	2
OG0002281	1	1	2
OG0002282	1	1	2
OG0002283	2	0	2
OG0002284	1	1	2
OG0002285	2	0	2
OG0002286	1	1	2
OG0002287	2	0	2
OG0002288	2	0	2
OG0002289	2	0	2
OG0002290	2	0	2
OG0002291	1	1	2
OG0002292	2	0	2
OG0002293	1	1	2
OG0002294	2	0	2
OG0002295	2	0	2
OG0002296	1	1	2
OG0002297	1	1	2
OG0002298	2	0	2
OG0002299	1	1	2
OG0002300	2	0	2
OG0002301	1	1	2
OG0002302	2	0	2
OG0002303	1	1	2
OG0002304	1	1	2
OG0002305	1	1	2
OG0002306	2	0	2
OG0002307	1	1	2
OG0002308	2	0	2
OG0002309	1	1	2
OG0002310	2	0	2
OG0002311	2	0	2
OG0002312	1	1	2
OG0002313	1	1	2
OG0002314	1	1	2
OG0002315	1	1	2
OG0002316	2	0	2
OG0002317	1	1	2
OG0002318	2	0	2
OG0002319	1	1	2
OG0002320	1	1	2
OG0002321	1	1	2
OG0002322	1	1	2
OG0002323	2	0	2
OG0002324	1	1	2
OG0002325	1	1	2
OG0002326	2	0	2
OG0002327	2	0	2
OG0002328	1	1	2
OG0002329	1	1	2
OG0002330	2	0	2
OG0002331	1	1	2
OG0002332	1	1	2
OG0002333	2	0	2
OG0002334	2	0	2
OG0002335	2	0	2
OG0002336	2	0	2
OG0002337	1	1	2
OG0002338	1	1	2
OG0002339	1	1	2
OG0002340	1	1	2
OG0002341	1	1	2
OG0002342	2	0	2
OG0002343	2	0	2
OG0002344	2	0	2
OG0002345	1	1	2
OG0002346	1	1	2
OG0002347	1	1	2
OG0002348	2	0	2
OG0002349	1	1	2
OG0002350	1	1	2
OG0002351	1	1	2
OG0002352	1	1	2
OG0002353	2	0	2
OG0002354	1	1	2
OG0002355	1	1	2
OG0002356	2	0	2
OG0002357	1	1	2
OG0002358	1	1	2
OG0002359	2	0	2
OG0002360	1	1	2
OG0002361	2	0	2
OG0002362	1	1	2
OG0002363	1	1	2
OG0002364	2	0	2
OG0002365	1	1	2
OG0002366	2	0	2
OG0002367	2	0	2
OG0002368	1	1	2
OG0002369	1	1	2
OG0002370	2	0	2
OG0002371	2	0	2
OG0002372	2	0	2
OG0002373	2	0	2
OG0002374	1	1	2
OG0002375	1	1	2
OG0002376	2	0	2
OG0002377	1	1	2
OG0002378	1	1	2
OG0002379	1	1	2
OG0002380	1	1	2
OG0002381	1	1	2
OG0002382	2	0	2
OG0002383	1	1	2
OG0002384	2	0	2
OG0002385	1	1	2
OG0002386	1	1	2
OG0002387	2	0	2
OG0002388	2	0	2
OG0002389	1	1	2
OG0002390	2	0	2
OG0002391	2	0	2
OG0002392	2	0	2
OG0002393	2	0	2
OG0002394	2	0	2
OG0002395	2	0	2
OG0002396	1	1	2
OG0002397	1	1	2
OG0002398	2	0	2
OG0002399	1	1	2
OG0002400	1	1	2
OG0002401	1	1	2
OG0002402	1	1	2
OG0002403	1	1	2
OG0002404	2	0	2
OG0002405	1	1	2
OG0002406	2	0	2
OG0002407	2	0	2
OG0002408	1	1	2
OG0002409	1	1	2
OG0002410	1	1	2
OG0002411	2	0	2
OG0002412	2	0	2
OG0002413	1	1	2
OG0002414	1	1	2
OG0002415	1	1	2
OG0002416	2	0	2
OG0002417	2	0	2
OG0002418	2	0	2
OG0002419	1	1	2
OG0002420	1	1	2
OG0002421	1	1	2
OG0002422	1	1	2
OG0002423	1	1	2
OG0002424	2	0	2
OG0002425	2	0	2
OG0002426	1	1	2
OG0002427	2	0	2
OG0002428	1	1	2
OG0002429	2	0	2
OG0002430	2	0	2
OG0002431	2	0	2
OG0002432	2	0	2
OG0002433	2	0	2
OG0002434	1	1	2
OG0002435	2	0	2
OG0002436	2	0	2
OG0002437	1	1	2
OG0002438	1	1	2
OG0002439	1	1	2
OG0002440	1	1	2
OG0002441	2	0	2
OG0002442	1	1	2
OG0002443	2	0	2
OG0002444	1	1	2
OG0002445	1	1	2
OG0002446	2	0	2
OG0002447	2	0	2
OG0002448	2	0	2
OG0002449	2	0	2
OG0002450	2	0	2
OG0002451	1	1	2
OG0002452	1	1	2
OG0002453	1	1	2
OG0002454	2	0	2
OG0002455	2	0	2
OG0002456	1	1	2
OG0002457	2	0	2
OG0002458	2	0	2
OG0002459	1	1	2
OG0002460	1	1	2
OG0002461	1	1	2
OG0002462	1	1	2
OG0002463	2	0	2
OG0002464	1	1	2
OG0002465	1	1	2
OG0002466	1	1	2
OG0002467	1	1	2
OG0002468	2	0	2
OG0002469	1	1	2
OG0002470	1	1	2
OG0002471	2	0	2
OG0002472	1	1	2
OG0002473	1	1	2
OG0002474	1	1	2
OG0002475	1	1	2
OG0002476	1	1	2
OG0002477	2	0	2
OG0002478	2	0	2
OG0002479	1	1	2
OG0002480	1	1	2
OG0002481	1	1	2
OG0002482	1	1	2
OG0002483	2	0	2
OG0002484	1	1	2
OG0002485	2	0	2
OG0002486	1	1	2
OG0002487	1	1	2
OG0002488	1	1	2
OG0002489	2	0	2
OG0002490	1	1	2
OG0002491	1	1	2
OG0002492	1	1	2
OG0002493	1	1	2
OG0002494	1	1	2
OG0002495	1	1	2
OG0002496	2	0	2
OG0002497	1	1	2
OG0002498	2	0	2
OG0002499	1	1	2
OG0002500	2	0	2
OG0002501	1	1	2
OG0002502	1	1	2
OG0002503	2	0	2
OG0002504	1	1	2
OG0002505	2	0	2
OG0002506	1	1	2
OG0002507	1	1	2
OG0002508	1	1	2
OG0002509	1	1	2
OG0002510	1	1	2
OG0002511	1	1	2
OG0002512	1	1	2
OG0002513	2	0	2
OG0002514	2	0	2
OG0002515	1	1	2
OG0002516	1	1	2
OG0002517	2	0	2
OG0002518	1	1	2
OG0002519	2	0	2
OG0002520	1	1	2
OG0002521	1	1	2
OG0002522	1	1	2
OG0002523	2	0	2
OG0002524	2	0	2
OG0002525	1	1	2
OG0002526	1	1	2
OG0002527	1	1	2
OG0002528	1	1	2
OG0002529	2	0	2
OG0002530	1	1	2
OG0002531	1	1	2
OG0002532	1	1	2
OG0002533	1	1	2
OG0002534	1	1	2
OG0002535	1	1	2
OG0002536	1	1	2
OG0002537	1	1	2
OG0002538	1	1	2
OG0002539	1	1	2
OG0002540	2	0	2
OG0002541	2	0	2
OG0002542	2	0	2
OG0002543	2	0	2
OG0002544	1	1	2
OG0002545	2	0	2
OG0002546	1	1	2
OG0002547	2	0	2
OG0002548	2	0	2
OG0002549	1	1	2
OG0002550	1	1	2
OG0002551	1	1	2
OG0002552	1	1	2
OG0002553	1	1	2
OG0002554	2	0	2
OG0002555	1	1	2
OG0002556	2	0	2
OG0002557	2	0	2
OG0002558	1	1	2
OG0002559	2	0	2
OG0002560	1	1	2
OG0002561	1	1	2
OG0002562	1	1	2
OG0002563	1	1	2
OG0002564	2	0	2
OG0002565	1	1	2
OG0002566	1	1	2
OG0002567	1	1	2
OG0002568	1	1	2
OG0002569	1	1	2
OG0002570	1	1	2
OG0002571	1	1	2
OG0002572	2	0	2
OG0002573	1	1	2
OG0002574	1	1	2
OG0002575	1	1	2
OG0002576	2	0	2
OG0002577	1	1	2
OG0002578	1	1	2
OG0002579	1	1	2
OG0002580	1	1	2
OG0002581	1	1	2
OG0002582	2	0	2
OG0002583	1	1	2
OG0002584	2	0	2
OG0002585	1	1	2
OG0002586	1	1	2
OG0002587	1	1	2
OG0002588	1	1	2
OG0002589	1	1	2
OG0002590	1	1	2
OG0002591	2	0	2
OG0002592	1	1	2
OG0002593	1	1	2
OG0002594	1	1	2
OG0002595	1	1	2
OG0002596	1	1	2
OG0002597	1	1	2
OG0002598	1	1	2
OG0002599	2	0	2
OG0002600	1	1	2
OG0002601	1	1	2
OG0002602	1	1	2
OG0002603	2	0	2
OG0002604	1	1	2
OG0002605	1	1	2
OG0002606	1	1	2
OG0002607	1	1	2
OG0002608	1	1	2
OG0002609	1	1	2
OG0002610	1	1	2
OG0002611	2	0	2
OG0002612	1	1	2
OG0002613	1	1	2
OG0002614	1	1	2
OG0002615	1	1	2
OG0002616	1	1	2
OG0002617	1	1	2
OG0002618	1	1	2
OG0002619	1	1	2
OG0002620	2	0	2
OG0002621	1	1	2
OG0002622	2	0	2
OG0002623	1	1	2
OG0002624	1	1	2
OG0002625	1	1	2
OG0002626	1	1	2
OG0002627	1	1	2
OG0002628	1	1	2
OG0002629	1	1	2
OG0002630	1	1	2
OG0002631	1	1	2
OG0002632	1	1	2
OG0002633	1	1	2
OG0002634	2	0	2
OG0002635	1	1	2
OG0002636	1	1	2
OG0002637	1	1	2
OG0002638	1	1	2
OG0002639	1	1	2
OG0002640	2	0	2
OG0002641	1	1	2
OG0002642	2	0	2
OG0002643	1	1	2
OG0002644	1	1	2
OG0002645	2	0	2
OG0002646	1	1	2
OG0002647	1	1	2
OG0002648	1	1	2
OG0002649	1	1	2
OG0002650	1	1	2
OG0002651	2	0	2
OG0002652	1	1	2
OG0002653	1	1	2
OG0002654	1	1	2
OG0002655	1	1	2
OG0002656	1	1	2
OG0002657	1	1	2
OG0002658	1	1	2
OG0002659	1	1	2
OG0002660	1	1	2
OG0002661	1	1	2
OG0002662	1	1	2
OG0002663	1	1	2
OG0002664	1	1	2
OG0002665	2	0	2
OG0002666	1	1	2
OG0002667	1	1	2
OG0002668	1	1	2
OG0002669	1	1	2
OG0002670	1	1	2
OG0002671	1	1	2
OG0002672	0	2	2
OG0002673	0	2	2
OG0002674	0	2	2
OG0002675	0	2	2
OG0002676	0	2	2
OG0002677	0	2	2
OG0002678	0	2	2
OG0002679	0	2	2
OG0002680	0	2	2
OG0002681	0	2	2
OG0002682	0	2	2
OG0002683	0	2	2
OG0002684	0	2	2
OG0002685	0	2	2
OG0002686	0	2	2
OG0002687	0	2	2
OG0002688	0	2	2
OG0002689	0	2	2
OG0002690	0	2	2
OG0002691	0	2	2
OG0002692	0	2	2
OG0002693	0	2	2
OG0002694	0	2	2
OG0002695	0	2	2
OG0002696	0	2	2
OG0002697	0	2	2
OG0002698	0	2	2
OG0002699	0	2	2
OG0002700	0	2	2
OG0002701	0	2	2
OG0002702	0	2	2
OG0002703	0	2	2
OG0002704	0	2	2
OG0002705	0	2	2
OG0002706	0	2	2
OG0002707	0	2	2
OG0002708	0	2	2
OG0002709	0	2	2
OG0002710	0	2	2
OG0002711	0	2	2
OG0002712	0	2	2
OG0002713	0	2	2
OG0002714	0	2	2
OG0002715	0	2	2
OG0002716	0	2	2
OG0002717	0	2	2
OG0002718	0	2	2
OG0002719	0	2	2
OG0002720	0	2	2
OG0002721	0	2	2
OG0002722	0	2	2
OG0002723	0	2	2
OG0002724	0	2	2
OG0002725	0	2	2
OG0002726	0	2	2
OG0002727	0	2	2
OG0002728	0	2	2
OG0002729	0	2	2
OG0002730	0	2	2
OG0002731	0	2	2
OG0002732	0	2	2
OG0002733	0	2	2
OG0002734	0	2	2
OG0002735	0	2	2
OG0002736	0	2	2
OG0002737	0	2	2
OG0002738	0	2	2
OG0002739	0	2	2
OG0002740	0	2	2
OG0002741	0	2	2
OG0002742	0	2	2
OG0002743	0	2	2
OG0002744	0	2	2
OG0002745	0	2	2
OG0002746	0	2	2
OG0002747	0	2	2
OG0002748	0	2	2
OG0002749	0	2	2
OG0002750	0	2	2
OG0002751	0	2	2
OG0002752	0	2	2
OG0002753	0	2	2
OG0002754	0	2	2
OG0002755	0	2	2
OG0002756	0	2	2
OG0002757	0	2	2
OG0002758	0	2	2
OG0002759	0	2	2
OG0002760	0	2	2
OG0002761	0	2	2
OG0002762	0	2	2
OG0002763	0	2	2
OG0002764	0	2	2
OG0002765	0	2	2
OG0002766	0	2	2
OG0002767	0	2	2
OG0002768	0	2	2
OG0002769	0	2	2
OG0002770	0	2	2
OG0002771	0	2	2
OG0002772	0	2	2
OG0002773	0	2	2
OG0002774	0	2	2
OG0002775	0	2	2
OG0002776	0	2	2
OG0002777	0	2	2
OG0002778	0	2	2
OG0002779	0	2	2
OG0002780	0	2	2
OG0002781	0	2	2
OG0002782	0	2	2
OG0002783	0	2	2
OG0002784	0	2	2
OG0002785	0	2	2
OG0002786	0	2	2
OG0002787	0	2	2
OG0002788	0	2	2
OG0002789	0	2	2
OG0002790	0	2	2
OG0002791	0	2	2
OG0002792	0	2	2
OG0002793	0	2	2
OG0002794	0	2	2
OG0002795	0	2	2
OG0002796	0	2	2
OG0002797	0	2	2
OG0002798	0	2	2
OG0002799	0	2	2
OG0002800	0	2	2
OG0002801	0	2	2
OG0002802	0	2	2
OG0002803	0	2	2
OG0002804	0	2	2
OG0002805	0	2	2
OG0002806	0	2	2
OG0002807	0	2	2
OG0002808	0	2	2
OG0002809	0	2	2
OG0002810	0	2	2
OG0002811	0	2	2
OG0002812	0	2	2
OG0002813	0	2	2
OG0002814	0	2	2
OG0002815	0	2	2
OG0002816	0	2	2
OG0002817	0	2	2
OG0002818	0	2	2
OG0002819	0	2	2
OG0002820	0	2	2
OG0002821	0	2	2
OG0002822	0	2	2
OG0002823	0	2	2
OG0002824	0	2	2
OG0002825	0	2	2
OG0002826	0	2	2
OG0002827	0	2	2
OG0002828	0	2	2
OG0002829	0	2	2
OG0002830	0	2	2
OG0002831	0	2	2
OG0002832	0	2	2
OG0002833	0	2	2
OG0002834	0	2	2
OG0002835	0	2	2
OG0002836	0	2	2
OG0002837	0	2	2
OG0002838	0	2	2
OG0002839	0	2	2
OG0002840	0	2	2
OG0002841	0	2	2
OG0002842	0	2	2
OG0002843	0	2	2
OG0002844	0	2	2
OG0002845	0	2	2
OG0002846	0	2	2
OG0002847	0	2	2
OG0002848	0	2	2
OG0002849	0	2	2
OG0002850	0	2	2
OG0002851	0	2	2
OG0002852	0	2	2
OG0002853	0	2	2
OG0002854	0	2	2
OG0002855	0	2	2
OG0002856	0	2	2
OG0002857	0	2	2
OG0002858	0	2	2
OG0002859	0	2	2
OG0002860	0	2	2
OG0002861	0	2	2
OG0002862	0	2	2
OG0002863	0	2	2
OG0002864	0	2	2
OG0002865	0	2	2
OG0002866	0	2	2
OG0002867	0	2	2
OG0002868	0	2	2
OG0002869	0	2	2
OG0002870	0	2	2
OG0002871	0	2	2
OG0002872	0	2	2
OG0002873	0	2	2
OG0002874	0	2	2
OG0002875	0	2	2
OG0002876	0	2	2
OG0002877	0	2	2
OG0002878	0	2	2
OG0002879	0	2	2
OG0002880	0	2	2
OG0002881	0	2	2
OG0002882	0	2	2
OG0002883	0	2	2
OG0002884	0	2	2
OG0002885	0	2	2
OG0002886	0	2	2
OG0002887	0	2	2
OG0002888	0	2	2
OG0002889	0	2	2
OG0002890	0	2	2
OG0002891	0	2	2
OG0002892	0	2	2
OG0002893	0	2	2
OG0002894	0	2	2
OG0002895	0	2	2
OG0002896	0	2	2
OG0002897	0	2	2
OG0002898	0	2	2
OG0002899	0	2	2
OG0002900	0	2	2
OG0002901	0	2	2
OG0002902	0	2	2
OG0002903	0	2	2
OG0002904	0	2	2
OG0002905	0	2	2
OG0002906	0	2	2
OG0002907	0	2	2
OG0002908	0	2	2
OG0002909	0	2	2
OG0002910	0	2	2
OG0002911	0	2	2
OG0002912	0	2	2
OG0002913	0	2	2
OG0002914	0	2	2
OG0002915	0	2	2
OG0002916	0	2	2
OG0002917	0	2	2
OG0002918	0	2	2
OG0002919	0	2	2
OG0002920	0	2	2
OG0002921	0	2	2
OG0002922	0	2	2
OG0002923	0	2	2
OG0002924	0	2	2
OG0002925	0	2	2
OG0002926	0	2	2
OG0002927	0	2	2
OG0002928	0	2	2
OG0002929	0	2	2
OG0002930	0	2	2
OG0002931	0	2	2
OG0002932	0	2	2
OG0002933	0	2	2
OG0002934	0	2	2
OG0002935	0	2	2
OG0002936	0	2	2
OG0002937	0	2	2
OG0002938	0	2	2
OG0002939	0	2	2
OG0002940	0	2	2
OG0002941	0	2	2
OG0002942	0	2	2
OG0002943	0	2	2
OG0002944	0	2	2
OG0002945	0	2	2
OG0002946	0	2	2
OG0002947	0	2	2
OG0002948	0	2	2
OG0002949	0	2	2
OG0002950	0	2	2
OG0002951	0	2	2
OG0002952	0	2	2
OG0002953	0	2	2
OG0002954	0	2	2
OG0002955	0	2	2
OG0002956	0	2	2
OG0002957	0	2	2
OG0002958	0	2	2
OG0002959	0	2	2
OG0002960	0	2	2
OG0002961	0	2	2
OG0002962	0	2	2
OG0002963	0	2	2
OG0002964	0	2	2
OG0002965	0	2	2
OG0002966	0	2	2
OG0002967	0	2	2
OG0002968	0	2	2
OG0002969	0	2	2
OG0002970	0	2	2
OG0002971	0	2	2
OG0002972	0	2	2
OG0002973	0	2	2
OG0002974	0	2	2
OG0002975	0	2	2
OG0002976	0	2	2
OG0002977	0	2	2
OG0002978	0	2	2
OG0002979	0	2	2
OG0002980	0	2	2
OG0002981	0	2	2
OG0002982	0	2	2
OG0002983	0	2	2
OG0002984	0	2	2
OG0002985	0	2	2
OG0002986	0	2	2
OG0002987	0	2	2
OG0002988	0	2	2
OG0002989	0	2	2
OG0002990	0	2	2
OG0002991	0	2	2
OG0002992	0	2	2
OG0002993	0	2	2
OG0002994	0	2	2
OG0002995	0	2	2
OG0002996	0	2	2
OG0002997	0	2	2
OG0002998	0	2	2
OG0002999	0	2	2
OG0003000	0	2	2
OG0003001	0	2	2
OG0003002	0	2	2
OG0003003	0	2	2
OG0003004	0	2	2
OG0003005	0	2	2
OG0003006	0	2	2
OG0003007	0	2	2
OG0003008	0	2	2
OG0003009	0	2	2
OG0003010	0	2	2
OG0003011	0	2	2
OG0003012	0	2	2
OG0003013	0	2	2
OG0003014	0	2	2
OG0003015	0	2	2
OG0003016	0	2	2
OG0003017	0	2	2
OG0003018	0	2	2
OG0003019	0	2	2
OG0003020	0	2	2
OG0003021	0	2	2
OG0003022	0	2	2
OG0003023	0	2	2
OG0003024	0	2	2
OG0003025	0	2	2
OG0003026	0	2	2
OG0003027	0	2	2
OG0003028	0	2	2
OG0003029	0	2	2
OG0003030	0	2	2
OG0003031	0	2	2
OG0003032	0	2	2
OG0003033	0	2	2
OG0003034	0	2	2
OG0003035	0	2	2
OG0003036	0	2	2
OG0003037	0	2	2
OG0003038	0	2	2
OG0003039	0	2	2
OG0003040	0	2	2
OG0003041	0	2	2
OG0003042	0	2	2
OG0003043	0	2	2
OG0003044	0	2	2
OG0003045	0	2	2
OG0003046	0	2	2
OG0003047	0	2	2
OG0003048	0	2	2
OG0003049	0	2	2
OG0003050	0	2	2
OG0003051	0	2	2
OG0003052	0	2	2
OG0003053	0	2	2
OG0003054	0	2	2
OG0003055	0	2	2
OG0003056	0	2	2
OG0003057	0	2	2
OG0003058	0	2	2
OG0003059	0	2	2
OG0003060	0	2	2
OG0003061	0	2	2
OG0003062	0	2	2
OG0003063	0	2	2
OG0003064	0	2	2
OG0003065	0	2	2
OG0003066	0	2	2
OG0003067	0	2	2
OG0003068	0	2	2
OG0003069	0	2	2
OG0003070	0	2	2
OG0003071	0	2	2
OG0003072	0	2	2
OG0003073	0	2	2
OG0003074	0	2	2
OG0003075	0	2	2
OG0003076	0	2	2
OG0003077	0	2	2
OG0003078	0	2	2
OG0003079	0	2	2
OG0003080	0	2	2
OG0003081	0	2	2
OG0003082	0	2	2
OG0003083	0	2	2
OG0003084	0	2	2
OG0003085	0	2	2
OG0003086	0	2	2
OG0003087	0	2	2
OG0003088	0	2	2
OG0003089	0	2	2
OG0003090	0	2	2
OG0003091	0	2	2
OG0003092	0	2	2
OG0003093	0	2	2
OG0003094	0	2	2
OG0003095	0	2	2
OG0003096	0	2	2
OG0003097	0	2	2
OG0003098	0	2	2
OG0003099	0	2	2
OG0003100	0	2	2
OG0003101	0	2	2
OG0003102	0	2	2
OG0003103	0	2	2
OG0003104	0	2	2
OG0003105	0	2	2
OG0003106	0	2	2
OG0003107	0	2	2
OG0003108	0	2	2
OG0003109	0	2	2
OG0003110	0	2	2
OG0003111	0	2	2
OG0003112	0	2	2
OG0003113	0	2	2
OG0003114	0	2	2
OG0003115	0	2	2
OG0003116	0	2	2
OG0003117	0	2	2
OG0003118	0	2	2
OG0003119	0	2	2
OG0003120	0	2	2
OG0003121	0	2	2
OG0003122	0	2	2
OG0003123	0	2	2
OG0003124	0	2	2
OG0003125	0	2	2
OG0003126	0	2	2
OG0003127	0	2	2
OG0003128	0	2	2
OG0003129	0	2	2
OG0003130	0	2	2
OG0003131	0	2	2
OG0003132	0	2	2
OG0003133	0	2	2
OG0003134	0	2	2
OG0003135	0	2	2
OG0003136	0	2	2
OG0003137	0	2	2
OG0003138	0	2	2
OG0003139	0	2	2
OG0003140	0	2	2
OG0003141	0	2	2
OG0003142	0	2	2
OG0003143	0	2	2
OG0003144	0	2	2
OG0003145	0	2	2
OG0003146	0	2	2
OG0003147	0	2	2
OG0003148	0	2	2
OG0003149	0	2	2
OG0003150	0	2	2
OG0003151	0	2	2
OG0003152	0	2	2
OG0003153	0	2	2
OG0003154	0	2	2
OG0003155	0	2	2
OG0003156	0	2	2
OG0003157	0	2	2
OG0003158	0	2	2
OG0003159	0	2	2
OG0003160	0	2	2
OG0003161	0	2	2
OG0003162	0	2	2
OG0003163	0	2	2
OG0003164	0	2	2
OG0003165	0	2	2
OG0003166	0	2	2
OG0003167	0	2	2
OG0003168	0	2	2
OG0003169	0	2	2
OG0003170	0	2	2
OG0003171	0	2	2
OG0003172	0	2	2
OG0003173	0	2	2
OG0003174	0	2	2
OG0003175	0	2	2
OG0003176	0	2	2
OG0003177	0	2	2
OG0003178	0	2	2
OG0003179	0	2	2
OG0003180	0	2	2
OG0003181	0	2	2
OG0003182	0	2	2
OG0003183	0	2	2
OG0003184	0	2	2
OG0003185	0	2	2
OG0003186	0	2	2
OG0003187	0	2	2
OG0003188	0	2	2
OG0003189	0	2	2
OG0003190	0	2	2
OG0003191	0	2	2
OG0003192	0	2	2
OG0003193	0	2	2
OG0003194	0	2	2
OG0003195	0	2	2
OG0003196	0	2	2
OG0003197	0	2	2
OG0003198	0	2	2
OG0003199	0	2	2
OG0003200	0	2	2
OG0003201	0	2	2
OG0003202	0	2	2
OG0003203	0	2	2
OG0003204	0	2	2
OG0003205	0	2	2
OG0003206	0	2	2
OG0003207	0	2	2
OG0003208	0	2	2
OG0003209	0	2	2
OG0003210	0	2	2
OG0003211	0	2	2
OG0003212	0	2	2
OG0003213	0	2	2
OG0003214	0	2	2
OG0003215	0	2	2
OG0003216	0	2	2
OG0003217	0	2	2
OG0003218	0	2	2
OG0003219	0	2	2
OG0003220	0	2	2
OG0003221	0	2	2
OG0003222	0	2	2
OG0003223	0	2	2
OG0003224	0	2	2
OG0003225	0	2	2
OG0003226	0	2	2
OG0003227	0	2	2
OG0003228	0	2	2
OG0003229	0	2	2
OG0003230	0	2	2
OG0003231	0	2	2
OG0003232	0	2	2
OG0003233	0	2	2
OG0003234	0	2	2
OG0003235	0	2	2
OG0003236	0	2	2
OG0003237	0	2	2
OG0003238	0	2	2
OG0003239	0	2	2
OG0003240	0	2	2
OG0003241	0	2	2
OG0003242	0	2	2
OG0003243	0	2	2
OG0003244	0	2	2
OG0003245	0	2	2
OG0003246	0	2	2
OG0003247	0	2	2
OG0003248	0	2	2
OG0003249	0	2	2
OG0003250	0	2	2
OG0003251	0	2	2
OG0003252	0	2	2
OG0003253	0	2	2
OG0003254	0	2	2
OG0003255	0	2	2
OG0003256	0	2	2
OG0003257	0	2	2
OG0003258	0	2	2
OG0003259	0	2	2
OG0003260	0	2	2
OG0003261	0	2	2
OG0003262	0	2	2
OG0003263	0	2	2
OG0003264	0	2	2
OG0003265	0	2	2
OG0003266	0	2	2
OG0003267	0	2	2
OG0003268	0	2	2
OG0003269	0	2	2
OG0003270	0	2	2
OG0003271	0	2	2
OG0003272	0	2	2
OG0003273	0	2	2
OG0003274	0	2	2
OG0003275	0	2	2
OG0003276	0	2	2
OG0003277	0	2	2
OG0003278	0	2	2
OG0003279	0	2	2
OG0003280	0	2	2
OG0003281	0	2	2
OG0003282	0	2	2
OG0003283	0	2	2
OG0003284	0	2	2
OG0003285	0	2	2
OG0003286	0	2	2
OG0003287	0	2	2
OG0003288	0	2	2
OG0003289	0	2	2
OG0003290	0	2	2
OG0003291	0	2	2
OG0003292	0	2	2
OG0003293	0	2	2
OG0003294	0	2	2
OG0003295	0	2	2
OG0003296	0	2	2
OG0003297	0	2	2
OG0003298	0	2	2
OG0003299	0	2	2
OG0003300	0	2	2
OG0003301	0	2	2
OG0003302	0	2	2
OG0003303	0	2	2
OG0003304	0	2	2
OG0003305	0	2	2
OG0003306	0	2	2
OG0003307	0	2	2
OG0003308	0	2	2
OG0003309	0	2	2
OG0003310	0	2	2
OG0003311	0	2	2
OG0003312	0	2	2
OG0003313	0	2	2
OG0003314	0	2	2
OG0003315	0	2	2
OG0003316	0	2	2
OG0003317	0	2	2
OG0003318	0	2	2
OG0003319	0	2	2
OG0003320	0	2	2
OG0003321	0	2	2
OG0003322	0	2	2
OG0003323	0	2	2
OG0003324	0	2	2
OG0003325	0	2	2
OG0003326	0	2	2
OG0003327	0	2	2
OG0003328	0	2	2
OG0003329	0	2	2
OG0003330	0	2	2
OG0003331	0	2	2
OG0003332	0	2	2
OG0003333	0	2	2
OG0003334	0	2	2
OG0003335	0	2	2
OG0003336	0	2	2
OG0003337	0	2	2
OG0003338	0	2	2
OG0003339	0	2	2
OG0003340	0	2	2
OG0003341	0	2	2
OG0003342	0	2	2
OG0003343	0	2	2
OG0003344	0	2	2
OG0003345	0	2	2
OG0003346	0	2	2
OG0003347	0	2	2
OG0003348	0	2	2
OG0003349	0	2	2
OG0003350	0	2	2
OG0003351	0	2	2
OG0003352	0	2	2
OG0003353	0	2	2
OG0003354	0	2	2
OG0003355	0	2	2
OG0003356	0	2	2
OG0003357	0	2	2
OG0003358	0	2	2
OG0003359	0	2	2
OG0003360	0	2	2
OG0003361	0	2	2
OG0003362	0	2	2
OG0003363	0	2	2
OG0003364	0	2	2
OG0003365	0	2	2
OG0003366	0	2	2
OG0003367	0	2	2
OG0003368	0	2	2
OG0003369	0	2	2
OG0003370	0	2	2
OG0003371	0	2	2
OG0003372	0	2	2
OG0003373	0	2	2
OG0003374	0	2	2
OG0003375	0	2	2
OG0003376	0	2	2
OG0003377	0	2	2
OG0003378	0	2	2
OG0003379	0	2	2
OG0003380	0	2	2
OG0003381	0	2	2
OG0003382	0	2	2
OG0003383	0	2	2
OG0003384	0	2	2
OG0003385	0	2	2
OG0003386	0	2	2
OG0003387	0	2	2
OG0003388	0	2	2
OG0003389	0	2	2
OG0003390	0	2	2
OG0003391	0	2	2
OG0003392	0	2	2
OG0003393	0	2	2
OG0003394	0	2	2
OG0003395	0	2	2
OG0003396	0	2	2
OG0003397	0	2	2
OG0003398	0	2	2
OG0003399	0	2	2
OG0003400	0	2	2
OG0003401	0	2	2
OG0003402	0	2	2
OG0003403	0	2	2
OG0003404	0	2	2
OG0003405	0	2	2
OG0003406	0	2	2
OG0003407	0	2	2
OG0003408	0	2	2
OG0003409	0	2	2
OG0003410	0	2	2
OG0003411	0	2	2
OG0003412	0	2	2
OG0003413	0	2	2
OG0003414	0	2	2
OG0003415	0	2	2
OG0003416	0	2	2
OG0003417	0	2	2
OG0003418	0	2	2
OG0003419	0	2	2
OG0003420	0	2	2
OG0003421	0	2	2
OG0003422	0	2	2
OG0003423	0	2	2
OG0003424	0	2	2
OG0003425	0	2	2
OG0003426	0	2	2
OG0003427	0	2	2
OG0003428	0	2	2
OG0003429	0	2	2
OG0003430	0	2	2
OG0003431	0	2	2
OG0003432	0	2	2
OG0003433	0	2	2
OG0003434	0	2	2
OG0003435	0	2	2
OG0003436	0	2	2
OG0003437	0	2	2
OG0003438	0	2	2
OG0003439	0	2	2
OG0003440	0	2	2
OG0003441	0	2	2
OG0003442	0	2	2
OG0003443	0	2	2
OG0003444	0	2	2
OG0003445	0	2	2
OG0003446	0	2	2
OG0003447	0	2	2
OG0003448	0	2	2
OG0003449	0	2	2
OG0003450	0	2	2
OG0003451	0	2	2
OG0003452	0	2	2
OG0003453	0	2	2
OG0003454	0	2	2
OG0003455	0	2	2
OG0003456	0	2	2
OG0003457	0	2	2
OG0003458	0	2	2
OG0003459	0	2	2
OG0003460	0	2	2
OG0003461	0	2	2
OG0003462	0	2	2
OG0003463	0	2	2
OG0003464	0	2	2
OG0003465	0	2	2
OG0003466	0	2	2
OG0003467	0	2	2
OG0003468	0	2	2
OG0003469	0	2	2
OG0003470	0	2	2
OG0003471	0	2	2
OG0003472	0	2	2
OG0003473	0	2	2
OG0003474	0	2	2
OG0003475	0	2	2
OG0003476	0	2	2
OG0003477	0	2	2
OG0003478	0	2	2
OG0003479	0	2	2
OG0003480	0	2	2
OG0003481	0	2	2
OG0003482	0	2	2
OG0003483	0	2	2
OG0003484	0	2	2
OG0003485	0	2	2
OG0003486	0	2	2
OG0003487	0	2	2
OG0003488	0	2	2
OG0003489	0	2	2
OG0003490	0	2	2
OG0003491	0	2	2
OG0003492	0	2	2
OG0003493	0	2	2
OG0003494	0	2	2
OG0003495	0	2	2
OG0003496	0	2	2
OG0003497	0	2	2
OG0003498	0	2	2
OG0003499	0	2	2
OG0003500	0	2	2
OG0003501	0	2	2
OG0003502	0	2	2
OG0003503	0	2	2
OG0003504	0	2	2
OG0003505	0	2	2
OG0003506	0	2	2
OG0003507	0	2	2
OG0003508	0	2	2
OG0003509	0	2	2
OG0003510	0	2	2
OG0003511	0	2	2
OG0003512	0	2	2
OG0003513	0	2	2
OG0003514	0	2	2
OG0003515	0	2	2
OG0003516	0	2	2
OG0003517	0	2	2
OG0003518	0	2	2
OG0003519	0	2	2
OG0003520	0	2	2
OG0003521	0	2	2
OG0003522	0	2	2
OG0003523	0	2	2
OG0003524	0	2	2
OG0003525	0	2	2
OG0003526	0	2	2
OG0003527	0	2	2
OG0003528	0	2	2
OG0003529	0	2	2
OG0003530	0	2	2
OG0003531	0	2	2
OG0003532	0	2	2
OG0003533	0	2	2
OG0003534	0	2	2
OG0003535	0	2	2
OG0003536	0	2	2
OG0003537	0	2	2
OG0003538	0	2	2
OG0003539	0	2	2
OG0003540	0	2	2
OG0003541	0	2	2
OG0003542	0	2	2
OG0003543	0	2	2
OG0003544	0	2	2
OG0003545	0	2	2
OG0003546	0	2	2
OG0003547	0	2	2
OG0003548	0	2	2
OG0003549	0	2	2
OG0003550	0	2	2
OG0003551	0	2	2
OG0003552	0	2	2
OG0003553	0	2	2
OG0003554	0	2	2
OG0003555	0	2	2
OG0003556	0	2	2
OG0003557	0	2	2
OG0003558	0	2	2
OG0003559	0	2	2
OG0003560	0	2	2
OG0003561	0	2	2
OG0003562	0	2	2
OG0003563	0	2	2
OG0003564	0	2	2
OG0003565	0	2	2
OG0003566	0	2	2
OG0003567	0	2	2
OG0003568	0	2	2
OG0003569	0	2	2
OG0003570	0	2	2
OG0003571	0	2	2
OG0003572	0	2	2
OG0003573	0	2	2
OG0003574	0	2	2
OG0003575	0	2	2
OG0003576	0	2	2
OG0003577	0	2	2
OG0003578	0	2	2
OG0003579	0	2	2
OG0003580	0	2	2
OG0003581	0	2	2
OG0003582	0	2	2
OG0003583	0	2	2
OG0003584	0	2	2
OG0003585	0	2	2
OG0003586	0	2	2
OG0003587	0	2	2
OG0003588	0	2	2
OG0003589	0	2	2
OG0003590	0	2	2
OG0003591	0	2	2
OG0003592	0	2	2
OG0003593	0	2	2
OG0003594	0	2	2
OG0003595	0	2	2
OG0003596	0	2	2
OG0003597	0	2	2
OG0003598	0	2	2
OG0003599	0	2	2
OG0003600	0	2	2
OG0003601	0	2	2
OG0003602	0	2	2
OG0003603	0	2	2
OG0003604	0	2	2
OG0003605	0	2	2
OG0003606	0	2	2
OG0003607	0	2	2
OG0003608	0	2	2
OG0003609	0	2	2
OG0003610	0	2	2
OG0003611	0	2	2
OG0003612	0	2	2
OG0003613	0	2	2
OG0003614	0	2	2
OG0003615	0	2	2
OG0003616	0	2	2
OG0003617	0	2	2
OG0003618	0	2	2
OG0003619	0	2	2
OG0003620	0	2	2
OG0003621	0	2	2
OG0003622	0	2	2
OG0003623	0	2	2
OG0003624	0	2	2
OG0003625	0	2	2
OG0003626	0	2	2
OG0003627	0	2	2
OG0003628	0	2	2
OG0003629	0	2	2
OG0003630	0	2	2
OG0003631	0	2	2
OG0003632	0	2	2
OG0003633	0	2	2
OG0003634	0	2	2
OG0003635	0	2	2
OG0003636	0	2	2
OG0003637	0	2	2
OG0003638	0	2	2
OG0003639	0	2	2
OG0003640	0	2	2
OG0003641	0	2	2
OG0003642	0	2	2
OG0003643	0	2	2
OG0003644	0	2	2
OG0003645	0	2	2
OG0003646	0	2	2
OG0003647	0	2	2
OG0003648	0	2	2
OG0003649	0	2	2
OG0003650	0	2	2
OG0003651	0	2	2
OG0003652	0	2	2
OG0003653	0	2	2
OG0003654	0	2	2
OG0003655	0	2	2
OG0003656	0	2	2
OG0003657	0	2	2
OG0003658	0	2	2
OG0003659	0	2	2
OG0003660	0	2	2
OG0003661	0	2	2
OG0003662	0	2	2
OG0003663	0	2	2
OG0003664	0	2	2
OG0003665	0	2	2
OG0003666	0	2	2
OG0003667	0	2	2
OG0003668	0	2	2
OG0003669	0	2	2
OG0003670	0	2	2
OG0003671	0	2	2
OG0003672	0	2	2
OG0003673	0	2	2
OG0003674	0	2	2
OG0003675	0	2	2
OG0003676	0	2	2
OG0003677	0	2	2
OG0003678	0	2	2
OG0003679	0	2	2
OG0003680	0	2	2
OG0003681	0	2	2
OG0003682	0	2	2
OG0003683	0	2	2
OG0003684	0	2	2
OG0003685	0	2	2
OG0003686	0	2	2
OG0003687	0	2	2
OG0003688	0	2	2
OG0003689	0	2	2
OG0003690	0	2	2
OG0003691	0	2	2
OG0003692	0	2	2
OG0003693	0	2	2
OG0003694	0	2	2
OG0003695	0	2	2
OG0003696	0	2	2
OG0003697	0	2	2
OG0003698	0	2	2
OG0003699	0	2	2
OG0003700	0	2	2
OG0003701	0	2	2
OG0003702	0	2	2
OG0003703	0	2	2
OG0003704	0	2	2
OG0003705	0	2	2
OG0003706	0	2	2
OG0003707	0	2	2
OG0003708	0	2	2
OG0003709	0	2	2
OG0003710	0	2	2
OG0003711	0	2	2
OG0003712	0	2	2
OG0003713	0	2	2
OG0003714	0	2	2
OG0003715	0	2	2
OG0003716	0	2	2
OG0003717	0	2	2
OG0003718	0	2	2
OG0003719	0	2	2
OG0003720	0	2	2
OG0003721	0	2	2
OG0003722	0	2	2
OG0003723	0	2	2
OG0003724	0	2	2
OG0003725	0	2	2
OG0003726	0	2	2
OG0003727	0	2	2
OG0003728	0	2	2
OG0003729	0	2	2
OG0003730	0	2	2
OG0003731	0	2	2
OG0003732	0	2	2
OG0003733	0	2	2
OG0003734	0	2	2
OG0003735	0	2	2
OG0003736	0	2	2
OG0003737	0	2	2
OG0003738	0	2	2
OG0003739	0	2	2
OG0003740	0	2	2
OG0003741	0	2	2
OG0003742	0	2	2
OG0003743	0	2	2
OG0003744	0	2	2
OG0003745	0	2	2
OG0003746	0	2	2
OG0003747	0	2	2
OG0003748	0	2	2
OG0003749	0	2	2
OG0003750	0	2	2
OG0003751	0	2	2
OG0003752	0	2	2
OG0003753	0	2	2
OG0003754	0	2	2
OG0003755	0	2	2
OG0003756	0	2	2
OG0003757	0	2	2
OG0003758	0	2	2
OG0003759	0	2	2
OG0003760	0	2	2
OG0003761	0	2	2
OG0003762	0	2	2
OG0003763	0	2	2
OG0003764	0	2	2
OG0003765	0	2	2
OG0003766	0	2	2
OG0003767	0	2	2
OG0003768	0	2	2
OG0003769	0	2	2
OG0003770	0	2	2
OG0003771	0	2	2
OG0003772	0	2	2
OG0003773	0	2	2
OG0003774	0	2	2
OG0003775	0	2	2
OG0003776	0	2	2
OG0003777	0	2	2
OG0003778	0	2	2
OG0003779	0	2	2
OG0003780	0	2	2
OG0003781	0	2	2
OG0003782	0	2	2
OG0003783	0	2	2
OG0003784	0	2	2
OG0003785	0	2	2
OG0003786	0	2	2
OG0003787	0	2	2
OG0003788	0	2	2
OG0003789	0	2	2
OG0003790	0	2	2
OG0003791	0	2	2
OG0003792	0	2	2
OG0003793	0	2	2
OG0003794	0	2	2
OG0003795	0	2	2
OG0003796	0	2	2
OG0003797	0	2	2
OG0003798	0	2	2
OG0003799	0	2	2
OG0003800	0	2	2
OG0003801	0	2	2
OG0003802	0	2	2
OG0003803	0	2	2
OG0003804	0	2	2
OG0003805	0	2	2
OG0003806	0	2	2
OG0003807	0	2	2
OG0003808	0	2	2
OG0003809	0	2	2
OG0003810	0	2	2
OG0003811	0	2	2
OG0003812	0	2	2
OG0003813	0	2	2
OG0003814	0	2	2
OG0003815	0	2	2
OG0003816	0	2	2
OG0003817	0	2	2
OG0003818	0	2	2
OG0003819	0	2	2
OG0003820	0	2	2
OG0003821	0	2	2
OG0003822	0	2	2
OG0003823	0	2	2
OG0003824	0	2	2
OG0003825	0	2	2
OG0003826	0	2	2
OG0003827	0	2	2
OG0003828	0	2	2
OG0003829	0	2	2
OG0003830	0	2	2
OG0003831	0	2	2
OG0003832	0	2	2
OG0003833	0	2	2
OG0003834	0	2	2
OG0003835	0	2	2
OG0003836	0	2	2
OG0003837	0	2	2
OG0003838	0	2	2
OG0003839	0	2	2
OG0003840	0	2	2
OG0003841	0	2	2
OG0003842	0	2	2
OG0003843	0	2	2
OG0003844	0	2	2
OG0003845	0	2	2
OG0003846	0	2	2
OG0003847	0	2	2
OG0003848	0	2	2
OG0003849	0	2	2
OG0003850	0	2	2
OG0003851	0	2	2
OG0003852	0	2	2
OG0003853	0	2	2
OG0003854	0	2	2
OG0003855	0	2	2
OG0003856	0	2	2
OG0003857	0	2	2
OG0003858	0	2	2
OG0003859	0	2	2
OG0003860	0	2	2
OG0003861	0	2	2
OG0003862	0	2	2
OG0003863	0	2	2
OG0003864	0	2	2
OG0003865	0	2	2
OG0003866	0	2	2
OG0003867	0	2	2
OG0003868	0	2	2
OG0003869	0	2	2
OG0003870	0	2	2
OG0003871	0	2	2
OG0003872	0	2	2
OG0003873	0	2	2
OG0003874	0	2	2
OG0003875	0	2	2
OG0003876	0	2	2
OG0003877	0	2	2
OG0003878	0	2	2
OG0003879	0	2	2
OG0003880	0	2	2
OG0003881	0	2	2
OG0003882	0	2	2
OG0003883	0	2	2
OG0003884	0	2	2
OG0003885	0	2	2
OG0003886	0	2	2
OG0003887	0	2	2
OG0003888	0	2	2
OG0003889	0	2	2
OG0003890	0	2	2
OG0003891	0	2	2
OG0003892	0	2	2
OG0003893	0	2	2
OG0003894	0	2	2
OG0003895	0	2	2
OG0003896	0	2	2
OG0003897	0	2	2
OG0003898	0	2	2
OG0003899	0	2	2
OG0003900	0	2	2
OG0003901	0	2	2
OG0003902	0	2	2
OG0003903	0	2	2
OG0003904	0	2	2
OG0003905	0	2	2
OG0003906	0	2	2
OG0003907	0	2	2
OG0003908	0	2	2
OG0003909	0	2	2
OG0003910	0	2	2
OG0003911	0	2	2
OG0003912	0	2	2
OG0003913	0	2	2
OG0003914	0	2	2
OG0003915	0	2	2
OG0003916	0	2	2
OG0003917	0	2	2
OG0003918	0	2	2
OG0003919	0	2	2
OG0003920	0	2	2
OG0003921	0	2	2
OG0003922	0	2	2
OG0003923	0	2	2
OG0003924	0	2	2
OG0003925	0	2	2
OG0003926	0	2	2
OG0003927	0	2	2
OG0003928	0	2	2
OG0003929	0	2	2
OG0003930	0	2	2
OG0003931	0	2	2
OG0003932	0	2	2
OG0003933	0	2	2
OG0003934	0	2	2
OG0003935	0	2	2
OG0003936	0	2	2
OG0003937	0	2	2
OG0003938	0	2	2
OG0003939	0	2	2
OG0003940	0	2	2
OG0003941	0	2	2
OG0003942	0	2	2
OG0003943	0	2	2
OG0003944	0	2	2
OG0003945	0	2	2
OG0003946	0	2	2
OG0003947	0	2	2
OG0003948	0	2	2
OG0003949	0	2	2
OG0003950	0	2	2
OG0003951	0	2	2
OG0003952	0	2	2
OG0003953	0	2	2
OG0003954	0	2	2
OG0003955	0	2	2
OG0003956	0	2	2
OG0003957	0	2	2
OG0003958	0	2	2
OG0003959	0	2	2
OG0003960	0	2	2
OG0003961	0	2	2
OG0003962	0	2	2
OG0003963	0	2	2
OG0003964	0	2	2
OG0003965	0	2	2
OG0003966	0	2	2
OG0003967	0	2	2
OG0003968	0	2	2
OG0003969	0	2	2
OG0003970	0	2	2
OG0003971	0	2	2
OG0003972	0	2	2
OG0003973	0	2	2
OG0003974	0	2	2
OG0003975	0	2	2
OG0003976	0	2	2
OG0003977	0	2	2
OG0003978	0	2	2
OG0003979	0	2	2
OG0003980	0	2	2
OG0003981	0	2	2
OG0003982	0	2	2
OG0003983	0	2	2
OG0003984	0	2	2
OG0003985	0	2	2
OG0003986	0	2	2
OG0003987	0	2	2
OG0003988	0	2	2
OG0003989	0	2	2
OG0003990	0	2	2
OG0003991	0	2	2
OG0003992	0	2	2
OG0003993	0	2	2
OG0003994	0	2	2
OG0003995	0	2	2
OG0003996	0	2	2
OG0003997	0	2	2
OG0003998	0	2	2
OG0003999	0	2	2
OG0004000	0	2	2
OG0004001	0	2	2
OG0004002	0	2	2
OG0004003	0	2	2
OG0004004	0	2	2
OG0004005	0	2	2
OG0004006	0	2	2
OG0004007	0	2	2
OG0004008	0	2	2
OG0004009	0	2	2
OG0004010	0	2	2
OG0004011	0	2	2
OG0004012	0	2	2
OG0004013	0	2	2
OG0004014	0	2	2
OG0004015	0	2	2
OG0004016	0	2	2
OG0004017	0	2	2
OG0004018	0	2	2
OG0004019	0	2	2
OG0004020	0	2	2
OG0004021	0	2	2
OG0004022	0	2	2
OG0004023	0	2	2
OG0004024	0	2	2
OG0004025	0	2	2
OG0004026	0	2	2
OG0004027	0	2	2
OG0004028	0	2	2
OG0004029	0	2	2
OG0004030	0	2	2
OG0004031	0	2	2
OG0004032	0	2	2
OG0004033	0	2	2
OG0004034	0	2	2
OG0004035	0	2	2
OG0004036	0	2	2
OG0004037	0	2	2
OG0004038	0	2	2
OG0004039	0	2	2
OG0004040	0	2	2
OG0004041	0	2	2
OG0004042	0	2	2
OG0004043	0	2	2
OG0004044	0	2	2
OG0004045	0	2	2
OG0004046	0	2	2
OG0004047	0	2	2
OG0004048	0	2	2
OG0004049	0	2	2
OG0004050	0	2	2
OG0004051	0	2	2
OG0004052	0	2	2
OG0004053	0	2	2
OG0004054	0	2	2
