Orthogroup	Duplications (all)	Duplications (50% support)
OG0000000	200	200
OG0000001	182	182
OG0000002	182	182
OG0000003	136	136
OG0000004	108	108
OG0000005	99	99
OG0000006	98	98
OG0000007	97	97
OG0000008	96	96
OG0000009	96	96
OG0000010	95	95
OG0000011	92	92
OG0000012	91	91
OG0000013	90	90
OG0000014	87	87
OG0000015	83	83
OG0000016	79	79
OG0000017	78	78
OG0000018	75	75
OG0000019	73	73
OG0000020	69	69
OG0000021	65	65
OG0000022	65	65
OG0000023	64	64
OG0000024	62	62
OG0000025	59	59
OG0000026	57	57
OG0000027	57	57
OG0000028	54	54
OG0000029	54	54
OG0000030	54	54
OG0000031	51	51
OG0000032	51	51
OG0000033	50	50
OG0000034	49	49
OG0000035	49	49
OG0000036	49	49
OG0000037	47	47
OG0000038	47	47
OG0000039	47	47
OG0000040	46	46
OG0000041	46	46
OG0000042	46	46
OG0000043	44	44
OG0000044	43	43
OG0000045	43	43
OG0000046	43	43
OG0000047	42	42
OG0000048	42	42
OG0000049	42	42
OG0000050	41	41
OG0000051	41	41
OG0000052	41	41
OG0000053	41	41
OG0000054	40	40
OG0000055	40	40
OG0000056	40	40
OG0000057	40	40
OG0000058	39	39
OG0000059	39	39
OG0000060	38	38
OG0000061	38	38
OG0000062	36	36
OG0000063	36	36
OG0000064	36	36
OG0000065	35	35
OG0000066	35	35
OG0000067	35	35
OG0000068	35	35
OG0000069	35	35
OG0000070	35	35
OG0000071	34	34
OG0000072	34	34
OG0000073	34	34
OG0000074	34	34
OG0000075	34	34
OG0000076	33	33
OG0000077	33	33
OG0000078	33	33
OG0000079	33	33
OG0000080	33	33
OG0000081	32	32
OG0000082	32	32
OG0000083	32	32
OG0000084	32	32
OG0000085	32	32
OG0000086	30	30
OG0000087	31	31
OG0000088	31	31
OG0000089	30	30
OG0000090	30	30
OG0000091	29	29
OG0000092	29	29
OG0000093	29	29
OG0000094	29	29
OG0000095	29	29
OG0000096	29	29
OG0000097	29	29
OG0000098	29	29
OG0000099	29	29
OG0000100	29	29
OG0000101	28	28
OG0000102	27	27
OG0000103	27	27
OG0000104	27	27
OG0000105	27	27
OG0000106	27	27
OG0000107	26	26
OG0000108	26	26
OG0000109	26	26
OG0000110	26	26
OG0000111	26	26
OG0000112	26	26
OG0000113	25	25
OG0000114	25	25
OG0000115	25	25
OG0000116	25	25
OG0000117	24	24
OG0000118	24	24
OG0000119	24	24
OG0000120	23	23
OG0000121	23	23
OG0000122	23	23
OG0000123	23	23
OG0000124	23	23
OG0000125	23	23
OG0000126	22	22
OG0000127	22	22
OG0000128	22	22
OG0000129	22	22
OG0000130	22	22
OG0000131	22	22
OG0000132	22	22
OG0000133	22	22
OG0000134	22	22
OG0000135	22	22
OG0000136	22	22
OG0000137	22	22
OG0000138	22	22
OG0000139	22	22
OG0000140	21	21
OG0000141	21	21
OG0000142	21	21
OG0000143	21	21
OG0000144	21	21
OG0000145	21	21
OG0000146	21	21
OG0000147	21	21
OG0000148	21	21
OG0000149	21	21
OG0000150	21	21
OG0000151	21	21
OG0000152	20	20
OG0000153	20	20
OG0000154	20	20
OG0000155	20	20
OG0000156	20	20
OG0000157	20	20
OG0000158	20	20
OG0000159	20	20
OG0000160	19	19
OG0000161	19	19
OG0000162	19	19
OG0000163	19	19
OG0000164	19	19
OG0000165	19	19
OG0000166	19	19
OG0000167	19	19
OG0000168	19	19
OG0000169	19	19
OG0000170	19	19
OG0000171	18	18
OG0000172	18	18
OG0000173	18	18
OG0000174	18	18
OG0000175	18	18
OG0000176	18	18
OG0000177	18	18
OG0000178	18	18
OG0000179	18	18
OG0000180	18	18
OG0000181	17	17
OG0000182	17	17
OG0000183	17	17
OG0000184	17	17
OG0000185	17	17
OG0000186	17	17
OG0000187	17	17
OG0000188	16	16
OG0000189	16	16
OG0000190	16	16
OG0000191	16	16
OG0000192	16	16
OG0000193	16	16
OG0000194	16	16
OG0000195	16	16
OG0000196	16	16
OG0000197	16	16
OG0000198	16	16
OG0000199	15	15
OG0000200	15	15
OG0000201	15	15
OG0000202	15	15
OG0000203	15	15
OG0000204	15	15
OG0000205	15	15
OG0000206	15	15
OG0000207	15	15
OG0000208	15	15
OG0000209	14	14
OG0000210	14	14
OG0000211	14	14
OG0000212	14	14
OG0000213	14	14
OG0000214	14	14
OG0000215	14	14
OG0000216	14	14
OG0000217	14	14
OG0000218	14	14
OG0000219	14	14
OG0000220	14	14
OG0000221	14	14
OG0000222	14	14
OG0000223	14	14
OG0000224	14	14
OG0000225	14	14
OG0000226	14	14
OG0000227	14	14
OG0000228	14	14
OG0000229	14	14
OG0000230	12	12
OG0000231	13	13
OG0000232	13	13
OG0000233	13	13
OG0000234	13	13
OG0000235	13	13
OG0000236	13	13
OG0000237	13	13
OG0000238	13	13
OG0000239	13	13
OG0000240	13	13
OG0000241	13	13
OG0000242	13	13
OG0000243	13	13
OG0000244	13	13
OG0000245	13	13
OG0000246	13	13
OG0000247	13	13
OG0000248	13	13
OG0000249	13	13
OG0000250	12	12
OG0000251	12	12
OG0000252	12	12
OG0000253	12	12
OG0000254	12	12
OG0000255	12	12
OG0000256	12	12
OG0000257	12	12
OG0000258	12	12
OG0000259	12	12
OG0000260	12	12
OG0000261	12	12
OG0000262	12	12
OG0000263	12	12
OG0000264	12	12
OG0000265	12	12
OG0000266	12	12
OG0000267	12	12
OG0000268	12	12
OG0000269	12	12
OG0000270	12	12
OG0000271	12	12
OG0000272	12	12
OG0000273	12	12
OG0000274	12	12
OG0000275	12	12
OG0000276	12	12
OG0000277	12	12
OG0000278	12	12
OG0000279	10	10
OG0000280	11	11
OG0000281	11	11
OG0000282	11	11
OG0000283	11	11
OG0000284	11	11
OG0000285	11	11
OG0000286	11	11
OG0000287	11	11
OG0000288	11	11
OG0000289	11	11
OG0000290	11	11
OG0000291	11	11
OG0000292	11	11
OG0000293	11	11
OG0000294	11	11
OG0000295	11	11
OG0000296	11	11
OG0000297	11	11
OG0000298	11	11
OG0000299	11	11
OG0000300	11	11
OG0000301	11	11
OG0000302	11	11
OG0000303	11	11
OG0000304	10	10
OG0000305	9	9
OG0000306	9	9
OG0000307	9	9
OG0000308	10	10
OG0000309	10	10
OG0000310	10	10
OG0000311	10	10
OG0000312	10	10
OG0000313	10	10
OG0000314	10	10
OG0000315	10	10
OG0000316	10	10
OG0000317	10	10
OG0000318	10	10
OG0000319	10	10
OG0000320	10	10
OG0000321	10	10
OG0000322	10	10
OG0000323	10	10
OG0000324	10	10
OG0000325	10	10
OG0000326	10	10
OG0000327	10	10
OG0000328	10	10
OG0000329	10	10
OG0000330	10	10
OG0000331	10	10
OG0000332	10	10
OG0000333	10	10
OG0000334	10	10
OG0000335	10	10
OG0000336	9	9
OG0000337	9	9
OG0000338	9	9
OG0000339	8	8
OG0000340	9	9
OG0000341	9	9
OG0000342	9	9
OG0000343	9	9
OG0000344	9	9
OG0000345	9	9
OG0000346	9	9
OG0000347	9	9
OG0000348	9	9
OG0000349	9	9
OG0000350	9	9
OG0000351	9	9
OG0000352	9	9
OG0000353	9	9
OG0000354	9	9
OG0000355	9	9
OG0000356	9	9
OG0000357	9	9
OG0000358	9	9
OG0000359	9	9
OG0000360	9	9
OG0000361	9	9
OG0000362	9	9
OG0000363	9	9
OG0000364	9	9
OG0000365	9	9
OG0000366	9	9
OG0000367	9	9
OG0000368	9	9
OG0000369	9	9
OG0000370	9	9
OG0000371	9	9
OG0000372	9	9
OG0000373	9	9
OG0000374	9	9
OG0000375	9	9
OG0000376	9	9
OG0000377	9	9
OG0000378	9	9
OG0000379	9	9
OG0000380	9	9
OG0000381	9	9
OG0000382	9	9
OG0000383	9	9
OG0000384	9	9
OG0000385	9	9
OG0000386	9	9
OG0000387	9	9
OG0000388	9	9
OG0000389	8	8
OG0000390	7	7
OG0000391	7	7
OG0000392	8	8
OG0000393	8	8
OG0000394	8	8
OG0000395	8	8
OG0000396	8	8
OG0000397	8	8
OG0000398	8	8
OG0000399	8	8
OG0000400	8	8
OG0000401	8	8
OG0000402	8	8
OG0000403	8	8
OG0000404	8	8
OG0000405	8	8
OG0000406	8	8
OG0000407	8	8
OG0000408	8	8
OG0000409	8	8
OG0000410	8	8
OG0000411	8	8
OG0000412	8	8
OG0000413	8	8
OG0000414	8	8
OG0000415	8	8
OG0000416	8	8
OG0000417	8	8
OG0000418	8	8
OG0000419	8	8
OG0000420	8	8
OG0000421	8	8
OG0000422	8	8
OG0000423	8	8
OG0000424	8	8
OG0000425	8	8
OG0000426	8	8
OG0000427	8	8
OG0000428	8	8
OG0000429	8	8
OG0000430	8	8
OG0000431	8	8
OG0000432	8	8
OG0000433	8	8
OG0000434	8	8
OG0000435	8	8
OG0000436	8	8
OG0000437	8	8
OG0000438	8	8
OG0000439	8	8
OG0000440	8	8
OG0000441	6	6
OG0000442	7	7
OG0000443	7	7
OG0000444	7	7
OG0000445	7	7
OG0000446	7	7
OG0000447	7	7
OG0000448	7	7
OG0000449	7	7
OG0000450	7	7
OG0000451	7	7
OG0000452	7	7
OG0000453	7	7
OG0000454	7	7
OG0000455	7	7
OG0000456	7	7
OG0000457	7	7
OG0000458	7	7
OG0000459	7	7
OG0000460	7	7
OG0000461	7	7
OG0000462	7	7
OG0000463	7	7
OG0000464	7	7
OG0000465	7	7
OG0000466	7	7
OG0000467	7	7
OG0000468	7	7
OG0000469	7	7
OG0000470	7	7
OG0000471	7	7
OG0000472	7	7
OG0000473	7	7
OG0000474	7	7
OG0000475	7	7
OG0000476	7	7
OG0000477	7	7
OG0000478	7	7
OG0000479	7	7
OG0000480	7	7
OG0000481	7	7
OG0000482	7	7
OG0000483	7	7
OG0000484	7	7
OG0000485	7	7
OG0000486	7	7
OG0000487	7	7
OG0000488	7	7
OG0000489	7	7
OG0000490	7	7
OG0000491	7	7
OG0000492	7	7
OG0000493	7	7
OG0000494	7	7
OG0000495	7	7
OG0000496	7	7
OG0000497	7	7
OG0000498	7	7
OG0000499	7	7
OG0000500	7	7
OG0000501	7	7
OG0000502	7	7
OG0000503	7	7
OG0000504	7	7
OG0000505	7	7
OG0000506	7	7
OG0000507	7	7
OG0000508	7	7
OG0000509	7	7
OG0000510	7	7
OG0000511	7	7
OG0000512	7	7
OG0000513	7	7
OG0000514	7	7
OG0000515	7	7
OG0000516	7	7
OG0000517	7	7
OG0000518	7	7
OG0000519	7	7
OG0000520	7	7
OG0000521	7	7
OG0000522	7	7
OG0000523	7	7
OG0000524	7	7
OG0000525	7	7
OG0000526	7	7
OG0000527	7	7
OG0000528	7	7
OG0000529	6	6
OG0000530	6	6
OG0000531	6	6
OG0000532	6	6
OG0000533	6	6
OG0000534	6	6
OG0000535	4	4
OG0000536	5	5
OG0000537	5	5
OG0000538	5	5
OG0000539	5	5
OG0000540	6	6
OG0000541	6	6
OG0000542	6	6
OG0000543	6	6
OG0000544	6	6
OG0000545	6	6
OG0000546	6	6
OG0000547	6	6
OG0000548	6	6
OG0000549	6	6
OG0000550	6	6
OG0000551	6	6
OG0000552	6	6
OG0000553	6	6
OG0000554	6	6
OG0000555	6	6
OG0000556	6	6
OG0000557	6	6
OG0000558	6	6
OG0000559	6	6
OG0000560	6	6
OG0000561	6	6
OG0000562	6	6
OG0000563	6	6
OG0000564	6	6
OG0000565	6	6
OG0000566	6	6
OG0000567	6	6
OG0000568	6	6
OG0000569	6	6
OG0000570	6	6
OG0000571	6	6
OG0000572	6	6
OG0000573	6	6
OG0000574	6	6
OG0000575	6	6
OG0000576	6	6
OG0000577	6	6
OG0000578	6	6
OG0000579	6	6
OG0000580	6	6
OG0000581	6	6
OG0000582	6	6
OG0000583	6	6
OG0000584	6	6
OG0000585	6	6
OG0000586	6	6
OG0000587	6	6
OG0000588	6	6
OG0000589	6	6
OG0000590	6	6
OG0000591	6	6
OG0000592	6	6
OG0000593	6	6
OG0000594	6	6
OG0000595	6	6
OG0000596	6	6
OG0000597	6	6
OG0000598	6	6
OG0000599	6	6
OG0000600	6	6
OG0000601	6	6
OG0000602	6	6
OG0000603	6	6
OG0000604	6	6
OG0000605	6	6
OG0000606	6	6
OG0000607	6	6
OG0000608	6	6
OG0000609	6	6
OG0000610	6	6
OG0000611	6	6
OG0000612	6	6
OG0000613	6	6
OG0000614	6	6
OG0000615	6	6
OG0000616	6	6
OG0000617	6	6
OG0000618	6	6
OG0000619	6	6
OG0000620	6	6
OG0000621	6	6
OG0000622	6	6
OG0000623	6	6
OG0000624	6	6
OG0000625	6	6
OG0000626	6	6
OG0000627	6	6
OG0000628	6	6
OG0000629	6	6
OG0000630	6	6
OG0000631	6	6
OG0000632	4	4
OG0000633	5	5
OG0000634	5	5
OG0000635	4	4
OG0000636	4	4
OG0000637	4	4
OG0000638	4	4
OG0000639	5	5
OG0000640	5	5
OG0000641	4	4
OG0000642	4	4
OG0000643	4	4
OG0000644	4	4
OG0000645	4	4
OG0000646	4	4
OG0000647	3	3
OG0000648	4	4
OG0000649	5	5
OG0000650	5	5
OG0000651	5	5
OG0000652	5	5
OG0000653	5	5
OG0000654	5	5
OG0000655	5	5
OG0000656	5	5
OG0000657	5	5
OG0000658	5	5
OG0000659	5	5
OG0000660	5	5
OG0000661	5	5
OG0000662	5	5
OG0000663	5	5
OG0000664	5	5
OG0000665	5	5
OG0000666	5	5
OG0000667	5	5
OG0000668	5	5
OG0000669	5	5
OG0000670	5	5
OG0000671	5	5
OG0000672	5	5
OG0000673	5	5
OG0000674	5	5
OG0000675	5	5
OG0000676	5	5
OG0000677	5	5
OG0000678	5	5
OG0000679	5	5
OG0000680	5	5
OG0000681	5	5
OG0000682	5	5
OG0000683	5	5
OG0000684	5	5
OG0000685	5	5
OG0000686	5	5
OG0000687	5	5
OG0000688	5	5
OG0000689	5	5
OG0000690	5	5
OG0000691	5	5
OG0000692	5	5
OG0000693	5	5
OG0000694	5	5
OG0000695	5	5
OG0000696	5	5
OG0000697	5	5
OG0000698	5	5
OG0000699	5	5
OG0000700	5	5
OG0000701	5	5
OG0000702	5	5
OG0000703	5	5
OG0000704	5	5
OG0000705	5	5
OG0000706	5	5
OG0000707	5	5
OG0000708	5	5
OG0000709	5	5
OG0000710	5	5
OG0000711	5	5
OG0000712	5	5
OG0000713	5	5
OG0000714	5	5
OG0000715	5	5
OG0000716	5	5
OG0000717	5	5
OG0000718	5	5
OG0000719	5	5
OG0000720	5	5
OG0000721	5	5
OG0000722	5	5
OG0000723	5	5
OG0000724	5	5
OG0000725	5	5
OG0000726	5	5
OG0000727	5	5
OG0000728	5	5
OG0000729	5	5
OG0000730	5	5
OG0000731	5	5
OG0000732	5	5
OG0000733	5	5
OG0000734	5	5
OG0000735	5	5
OG0000736	5	5
OG0000737	5	5
OG0000738	5	5
OG0000739	5	5
OG0000740	5	5
OG0000741	5	5
OG0000742	5	5
OG0000743	5	5
OG0000744	5	5
OG0000745	5	5
OG0000746	5	5
OG0000747	5	5
OG0000748	5	5
OG0000749	5	5
OG0000750	5	5
OG0000751	5	5
OG0000752	5	5
OG0000753	5	5
OG0000754	5	5
OG0000755	5	5
OG0000756	5	5
OG0000757	5	5
OG0000758	5	5
OG0000759	5	5
OG0000760	5	5
OG0000761	5	5
OG0000762	5	5
OG0000763	5	5
OG0000764	5	5
OG0000765	5	5
OG0000766	5	5
OG0000767	5	5
OG0000768	5	5
OG0000769	5	5
OG0000770	5	5
OG0000771	5	5
OG0000772	5	5
OG0000773	5	5
OG0000774	5	5
OG0000775	5	5
OG0000776	5	5
OG0000777	5	5
OG0000778	5	5
OG0000779	5	5
OG0000780	5	5
OG0000781	5	5
OG0000782	5	5
OG0000783	5	5
OG0000784	5	5
OG0000785	5	5
OG0000786	5	5
OG0000787	5	5
OG0000788	5	5
OG0000789	5	5
OG0000790	5	5
OG0000791	5	5
OG0000792	5	5
OG0000793	5	5
OG0000794	5	5
OG0000795	5	5
OG0000796	5	5
OG0000797	5	5
OG0000798	5	5
OG0000799	5	5
OG0000800	5	5
OG0000801	5	5
OG0000802	5	5
OG0000803	5	5
OG0000804	5	5
OG0000805	5	5
OG0000806	5	5
OG0000807	5	5
OG0000808	5	5
OG0000809	5	5
OG0000810	5	5
OG0000811	5	5
OG0000812	5	5
OG0000813	5	5
OG0000814	5	5
OG0000815	4	4
OG0000816	4	4
OG0000817	4	4
OG0000818	4	4
OG0000819	3	3
OG0000820	3	3
OG0000821	3	3
OG0000822	4	4
OG0000823	4	4
OG0000824	4	4
OG0000825	3	3
OG0000826	3	3
OG0000827	3	3
OG0000828	4	4
OG0000829	3	3
OG0000830	3	3
OG0000831	4	4
OG0000832	4	4
OG0000833	4	4
OG0000834	3	3
OG0000835	3	3
OG0000836	3	3
OG0000837	3	3
OG0000838	3	3
OG0000839	3	3
OG0000840	3	3
OG0000841	4	4
OG0000842	4	4
OG0000843	4	4
OG0000844	4	4
OG0000845	4	4
OG0000846	4	4
OG0000847	4	4
OG0000848	4	4
OG0000849	4	4
OG0000850	4	4
OG0000851	4	4
OG0000852	4	4
OG0000853	4	4
OG0000854	4	4
OG0000855	4	4
OG0000856	4	4
OG0000857	4	4
OG0000858	4	4
OG0000859	4	4
OG0000860	4	4
OG0000861	4	4
OG0000862	4	4
OG0000863	4	4
OG0000864	4	4
OG0000865	4	4
OG0000866	4	4
OG0000867	4	4
OG0000868	4	4
OG0000869	4	4
OG0000870	4	4
OG0000871	4	4
OG0000872	4	4
OG0000873	4	4
OG0000874	4	4
OG0000875	4	4
OG0000876	4	4
OG0000877	4	4
OG0000878	4	4
OG0000879	4	4
OG0000880	4	4
OG0000881	4	4
OG0000882	4	4
OG0000883	4	4
OG0000884	4	4
OG0000885	4	4
OG0000886	4	4
OG0000887	4	4
OG0000888	4	4
OG0000889	4	4
OG0000890	4	4
OG0000891	4	4
OG0000892	4	4
OG0000893	4	4
OG0000894	4	4
OG0000895	4	4
OG0000896	4	4
OG0000897	4	4
OG0000898	4	4
OG0000899	4	4
OG0000900	4	4
OG0000901	4	4
OG0000902	4	4
OG0000903	4	4
OG0000904	4	4
OG0000905	4	4
OG0000906	4	4
OG0000907	4	4
OG0000908	4	4
OG0000909	4	4
OG0000910	4	4
OG0000911	4	4
OG0000912	4	4
OG0000913	4	4
OG0000914	4	4
OG0000915	4	4
OG0000916	4	4
OG0000917	4	4
OG0000918	4	4
OG0000919	4	4
OG0000920	4	4
OG0000921	4	4
OG0000922	4	4
OG0000923	4	4
OG0000924	4	4
OG0000925	4	4
OG0000926	4	4
OG0000927	4	4
OG0000928	4	4
OG0000929	4	4
OG0000930	4	4
OG0000931	4	4
OG0000932	4	4
OG0000933	4	4
OG0000934	4	4
OG0000935	4	4
OG0000936	4	4
OG0000937	4	4
OG0000938	4	4
OG0000939	4	4
OG0000940	4	4
OG0000941	4	4
OG0000942	4	4
OG0000943	4	4
OG0000944	4	4
OG0000945	4	4
OG0000946	4	4
OG0000947	4	4
OG0000948	4	4
OG0000949	4	4
OG0000950	4	4
OG0000951	4	4
OG0000952	4	4
OG0000953	4	4
OG0000954	4	4
OG0000955	4	4
OG0000956	4	4
OG0000957	4	4
OG0000958	4	4
OG0000959	4	4
OG0000960	4	4
OG0000961	4	4
OG0000962	4	4
OG0000963	4	4
OG0000964	4	4
OG0000965	4	4
OG0000966	4	4
OG0000967	4	4
OG0000968	4	4
OG0000969	4	4
OG0000970	4	4
OG0000971	4	4
OG0000972	4	4
OG0000973	4	4
OG0000974	4	4
OG0000975	4	4
OG0000976	4	4
OG0000977	4	4
OG0000978	4	4
OG0000979	4	4
OG0000980	4	4
OG0000981	4	4
OG0000982	4	4
OG0000983	4	4
OG0000984	4	4
OG0000985	4	4
OG0000986	4	4
OG0000987	4	4
OG0000988	4	4
OG0000989	4	4
OG0000990	4	4
OG0000991	4	4
OG0000992	4	4
OG0000993	4	4
OG0000994	4	4
OG0000995	4	4
OG0000996	4	4
OG0000997	4	4
OG0000998	4	4
OG0000999	4	4
OG0001000	4	4
OG0001001	4	4
OG0001002	4	4
OG0001003	4	4
OG0001004	4	4
OG0001005	4	4
OG0001006	4	4
OG0001007	4	4
OG0001008	4	4
OG0001009	4	4
OG0001010	4	4
OG0001011	4	4
OG0001012	4	4
OG0001013	4	4
OG0001014	4	4
OG0001015	4	4
OG0001016	4	4
OG0001017	4	4
OG0001018	4	4
OG0001019	4	4
OG0001020	4	4
OG0001021	4	4
OG0001022	4	4
OG0001023	4	4
OG0001024	4	4
OG0001025	4	4
OG0001026	4	4
OG0001027	4	4
OG0001028	4	4
OG0001029	4	4
OG0001030	4	4
OG0001031	4	4
OG0001032	4	4
OG0001033	4	4
OG0001034	4	4
OG0001035	4	4
OG0001036	4	4
OG0001037	4	4
OG0001038	4	4
OG0001039	4	4
OG0001040	4	4
OG0001041	4	4
OG0001042	4	4
OG0001043	4	4
OG0001044	4	4
OG0001045	4	4
OG0001046	4	4
OG0001047	4	4
OG0001048	3	3
OG0001049	3	3
OG0001050	3	3
OG0001051	2	2
OG0001052	2	2
OG0001053	3	3
OG0001054	3	3
OG0001055	3	3
OG0001056	2	2
OG0001057	2	2
OG0001058	2	2
OG0001059	2	2
OG0001060	2	2
OG0001061	2	2
OG0001062	2	2
OG0001063	2	2
OG0001064	2	2
OG0001065	2	2
OG0001066	3	3
OG0001067	2	2
OG0001068	2	2
OG0001069	3	3
OG0001070	2	2
OG0001071	2	2
OG0001072	2	2
OG0001073	3	3
OG0001074	2	2
OG0001075	2	2
OG0001076	2	2
OG0001077	3	3
OG0001078	3	3
OG0001079	2	2
OG0001080	2	2
OG0001081	3	3
OG0001082	2	2
OG0001083	2	2
OG0001084	2	2
OG0001085	3	3
OG0001086	2	2
OG0001087	1	1
OG0001088	3	3
OG0001089	2	2
OG0001090	2	2
OG0001091	2	2
OG0001092	2	2
OG0001093	2	2
OG0001094	2	2
OG0001095	3	3
OG0001096	3	3
OG0001097	3	3
OG0001098	3	3
OG0001099	3	3
OG0001100	3	3
OG0001101	3	3
OG0001102	3	3
OG0001103	3	3
OG0001104	3	3
OG0001105	3	3
OG0001106	3	3
OG0001107	3	3
OG0001108	3	3
OG0001109	3	3
OG0001110	3	3
OG0001111	3	3
OG0001112	3	3
OG0001113	3	3
OG0001114	3	3
OG0001115	3	3
OG0001116	3	3
OG0001117	3	3
OG0001118	3	3
OG0001119	3	3
OG0001120	3	3
OG0001121	3	3
OG0001122	3	3
OG0001123	3	3
OG0001124	3	3
OG0001125	3	3
OG0001126	3	3
OG0001127	3	3
OG0001128	3	3
OG0001129	3	3
OG0001130	3	3
OG0001131	3	3
OG0001132	3	3
OG0001133	3	3
OG0001134	3	3
OG0001135	3	3
OG0001136	3	3
OG0001137	3	3
OG0001138	3	3
OG0001139	3	3
OG0001140	3	3
OG0001141	3	3
OG0001142	3	3
OG0001143	3	3
OG0001144	3	3
OG0001145	3	3
OG0001146	3	3
OG0001147	3	3
OG0001148	3	3
OG0001149	3	3
OG0001150	3	3
OG0001151	3	3
OG0001152	3	3
OG0001153	3	3
OG0001154	3	3
OG0001155	3	3
OG0001156	3	3
OG0001157	3	3
OG0001158	3	3
OG0001159	3	3
OG0001160	3	3
OG0001161	3	3
OG0001162	3	3
OG0001163	3	3
OG0001164	3	3
OG0001165	3	3
OG0001166	3	3
OG0001167	3	3
OG0001168	3	3
OG0001169	3	3
OG0001170	3	3
OG0001171	3	3
OG0001172	3	3
OG0001173	3	3
OG0001174	3	3
OG0001175	3	3
OG0001176	3	3
OG0001177	3	3
OG0001178	3	3
OG0001179	3	3
OG0001180	3	3
OG0001181	3	3
OG0001182	3	3
OG0001183	3	3
OG0001184	3	3
OG0001185	3	3
OG0001186	3	3
OG0001187	3	3
OG0001188	3	3
OG0001189	3	3
OG0001190	3	3
OG0001191	3	3
OG0001192	3	3
OG0001193	3	3
OG0001194	3	3
OG0001195	3	3
OG0001196	3	3
OG0001197	3	3
OG0001198	3	3
OG0001199	3	3
OG0001200	3	3
OG0001201	3	3
OG0001202	3	3
OG0001203	3	3
OG0001204	3	3
OG0001205	3	3
OG0001206	3	3
OG0001207	3	3
OG0001208	3	3
OG0001209	3	3
OG0001210	3	3
OG0001211	3	3
OG0001212	3	3
OG0001213	3	3
OG0001214	3	3
OG0001215	3	3
OG0001216	3	3
OG0001217	3	3
OG0001218	3	3
OG0001219	3	3
OG0001220	3	3
OG0001221	3	3
OG0001222	3	3
OG0001223	3	3
OG0001224	3	3
OG0001225	3	3
OG0001226	3	3
OG0001227	3	3
OG0001228	3	3
OG0001229	3	3
OG0001230	3	3
OG0001231	3	3
OG0001232	3	3
OG0001233	3	3
OG0001234	3	3
OG0001235	3	3
OG0001236	3	3
OG0001237	3	3
OG0001238	3	3
OG0001239	3	3
OG0001240	3	3
OG0001241	3	3
OG0001242	3	3
OG0001243	3	3
OG0001244	3	3
OG0001245	3	3
OG0001246	3	3
OG0001247	3	3
OG0001248	3	3
OG0001249	3	3
OG0001250	3	3
OG0001251	3	3
OG0001252	3	3
OG0001253	3	3
OG0001254	3	3
OG0001255	3	3
OG0001256	3	3
OG0001257	3	3
OG0001258	3	3
OG0001259	3	3
OG0001260	3	3
OG0001261	3	3
OG0001262	3	3
OG0001263	3	3
OG0001264	3	3
OG0001265	3	3
OG0001266	3	3
OG0001267	3	3
OG0001268	3	3
OG0001269	3	3
OG0001270	3	3
OG0001271	3	3
OG0001272	3	3
OG0001273	3	3
OG0001274	3	3
OG0001275	3	3
OG0001276	3	3
OG0001277	3	3
OG0001278	3	3
OG0001279	3	3
OG0001280	3	3
OG0001281	3	3
OG0001282	3	3
OG0001283	3	3
OG0001284	3	3
OG0001285	3	3
OG0001286	3	3
OG0001287	3	3
OG0001288	3	3
OG0001289	3	3
OG0001290	3	3
OG0001291	3	3
OG0001292	3	3
OG0001293	3	3
OG0001294	3	3
OG0001295	3	3
OG0001296	3	3
OG0001297	3	3
OG0001298	3	3
OG0001299	3	3
OG0001300	3	3
OG0001301	3	3
OG0001302	3	3
OG0001303	3	3
OG0001304	3	3
OG0001305	3	3
OG0001306	3	3
OG0001307	3	3
OG0001308	3	3
OG0001309	3	3
OG0001310	3	3
OG0001311	3	3
OG0001312	3	3
OG0001313	3	3
OG0001314	3	3
OG0001315	3	3
OG0001316	3	3
OG0001317	3	3
OG0001318	3	3
OG0001319	3	3
OG0001320	3	3
OG0001321	3	3
OG0001322	3	3
OG0001323	3	3
OG0001324	3	3
OG0001325	3	3
OG0001326	3	3
OG0001327	3	3
OG0001328	3	3
OG0001329	3	3
OG0001330	3	3
OG0001331	3	3
OG0001332	3	3
OG0001333	3	3
OG0001334	3	3
OG0001335	3	3
OG0001336	3	3
OG0001337	3	3
OG0001338	3	3
OG0001339	3	3
OG0001340	3	3
OG0001341	3	3
OG0001342	3	3
OG0001343	3	3
OG0001344	3	3
OG0001345	3	3
OG0001346	3	3
OG0001347	3	3
OG0001348	3	3
OG0001349	3	3
OG0001350	3	3
OG0001351	3	3
OG0001352	3	3
OG0001353	3	3
OG0001354	3	3
OG0001355	3	3
OG0001356	3	3
OG0001357	3	3
OG0001358	3	3
OG0001359	3	3
OG0001360	3	3
OG0001361	3	3
OG0001362	3	3
OG0001363	3	3
OG0001364	3	3
OG0001365	3	3
OG0001366	3	3
OG0001367	3	3
OG0001368	3	3
OG0001369	3	3
OG0001370	3	3
OG0001371	3	3
OG0001372	3	3
OG0001373	3	3
OG0001374	3	3
OG0001375	3	3
OG0001376	3	3
OG0001377	3	3
OG0001378	3	3
OG0001379	3	3
OG0001380	3	3
OG0001381	3	3
OG0001382	3	3
OG0001383	3	3
OG0001384	3	3
OG0001385	3	3
OG0001386	3	3
OG0001387	3	3
OG0001388	3	3
OG0001389	3	3
OG0001390	3	3
OG0001391	3	3
OG0001392	3	3
OG0001393	3	3
OG0001394	3	3
OG0001395	3	3
OG0001396	3	3
OG0001397	3	3
OG0001398	3	3
OG0001399	3	3
OG0001400	3	3
OG0001401	3	3
OG0001402	3	3
OG0001403	3	3
OG0001404	3	3
OG0001405	3	3
OG0001406	3	3
OG0001407	3	3
OG0001408	3	3
OG0001409	3	3
OG0001410	3	3
OG0001411	3	3
OG0001412	3	3
OG0001413	3	3
OG0001414	3	3
OG0001415	3	3
OG0001416	3	3
OG0001417	3	3
OG0001418	3	3
OG0001419	3	3
OG0001420	3	3
OG0001421	3	3
OG0001422	3	3
OG0001423	3	3
OG0001424	3	3
OG0001425	3	3
OG0001426	3	3
OG0001427	3	3
OG0001428	3	3
OG0001429	3	3
OG0001430	3	3
OG0001431	3	3
OG0001432	3	3
OG0001433	3	3
OG0001434	3	3
OG0001435	3	3
OG0001436	3	3
OG0001437	3	3
OG0001438	3	3
OG0001439	3	3
OG0001440	3	3
OG0001441	3	3
OG0001442	3	3
OG0001443	3	3
OG0001444	3	3
OG0001445	3	3
OG0001446	3	3
OG0001447	3	3
OG0001448	3	3
OG0001449	3	3
OG0001450	3	3
OG0001451	3	3
OG0001452	3	3
OG0001453	3	3
OG0001454	3	3
OG0001455	3	3
OG0001456	3	3
OG0001457	3	3
OG0001458	3	3
OG0001459	3	3
OG0001460	3	3
OG0001461	3	3
OG0001462	3	3
OG0001463	3	3
OG0001464	3	3
OG0001465	3	3
OG0001466	3	3
OG0001467	3	3
OG0001468	3	3
OG0001469	3	3
OG0001470	3	3
OG0001471	3	3
OG0001472	3	3
OG0001473	3	3
OG0001474	3	3
